,index,speed,time,start_latitude
0,48732,18,2023-09-05T21:40:20.000,41.9527793008
1,48731,18,2023-09-05T21:40:20.000,41.9526056908
2,48316,27,2023-09-05T21:50:23.000,41.9538366862
3,48185,23,2023-09-05T21:50:30.000,41.9542409021
4,48193,25,2023-09-05T21:50:30.000,41.9540197354
5,48188,23,2023-09-05T21:50:30.000,41.9538755379
6,48186,22,2023-09-05T21:50:30.000,41.9541531514
7,48144,17,2023-09-05T21:50:34.000,41.9529189391
8,48142,23,2023-09-05T21:50:34.000,41.9531625184
9,48141,27,2023-09-05T21:50:34.000,41.9524069352
10,48146,25,2023-09-05T21:50:34.000,41.9530473793
11,47745,21,2023-09-05T22:01:23.000,41.9536492536
12,47586,23,2023-09-05T22:01:45.000,41.9541531514
13,47582,18,2023-09-05T22:01:45.000,41.9543511743
14,47578,19,2023-09-05T22:01:46.000,41.9544240318
15,47538,27,2023-09-05T22:01:53.000,41.9533921986
16,47537,25,2023-09-05T22:01:53.000,41.9532811726
17,47536,24,2023-09-05T22:01:53.000,41.9535105845
18,47535,23,2023-09-05T22:01:53.000,41.9526056908
19,47534,27,2023-09-05T22:01:53.000,41.9526256799
20,47532,25,2023-09-05T22:01:53.000,41.9527793008
21,47139,26,2023-09-05T22:10:28.000,41.9536492536
22,47143,25,2023-09-05T22:10:28.000,41.9537825128
23,47146,25,2023-09-05T22:10:28.000,41.9538366862
24,47019,24,2023-09-05T22:10:47.000,41.9538755379
25,47017,25,2023-09-05T22:10:47.000,41.9540197354
26,46975,27,2023-09-05T22:10:52.000,41.9524069352
27,46973,25,2023-09-05T22:10:52.000,41.9527793008
28,46969,28,2023-09-05T22:10:53.000,41.9529189391
29,46968,27,2023-09-05T22:10:53.000,41.9530473793
30,46962,24,2023-09-05T22:10:53.000,41.9531625184
31,46961,27,2023-09-05T22:10:53.000,41.9532811726
32,46959,23,2023-09-05T22:10:53.000,41.9533921986
33,46574,24,2023-09-05T22:20:48.000,41.9536492536
34,46570,20,2023-09-05T22:20:48.000,41.9537825128
35,46417,20,2023-09-05T22:21:01.000,41.9541531514
36,46412,12,2023-09-05T22:21:02.000,41.9542409021
37,46410,15,2023-09-05T22:21:02.000,41.9543511743
38,46376,21,2023-09-05T22:21:06.000,41.9533921986
39,46375,23,2023-09-05T22:21:06.000,41.9527793008
40,46374,23,2023-09-05T22:21:06.000,41.9526056908
41,46372,22,2023-09-05T22:21:06.000,41.9529189391
42,46371,25,2023-09-05T22:21:06.000,41.9526256799
43,46370,23,2023-09-05T22:21:06.000,41.9535105845
44,46369,27,2023-09-05T22:21:06.000,41.9524069352
45,45967,25,2023-09-05T22:30:54.000,41.9537825128
46,45963,23,2023-09-05T22:30:54.000,41.9538366862
47,45837,26,2023-09-05T22:31:00.000,41.9541531514
48,45836,23,2023-09-05T22:31:00.000,41.9538755379
49,45831,21,2023-09-05T22:31:00.000,41.9540197354
50,45825,11,2023-09-05T22:31:01.000,41.9543511743
51,45823,14,2023-09-05T22:31:01.000,41.9544240318
52,45777,23,2023-09-05T22:31:03.000,41.9532811726
53,45784,23,2023-09-05T22:31:03.000,41.9531625184
54,45782,21,2023-09-05T22:31:03.000,41.9530473793
55,45779,22,2023-09-05T22:31:03.000,41.9533921986
56,45428,23,2023-09-05T22:40:06.000,41.9538366862
57,45415,22,2023-09-05T22:40:06.000,41.9536492536
58,45407,20,2023-09-05T22:40:06.000,41.9537825128
59,45270,25,2023-09-05T22:40:13.000,41.9542409021
60,45269,17,2023-09-05T22:40:13.000,41.9541531514
61,45268,12,2023-09-05T22:40:13.000,41.9543511743
62,45265,25,2023-09-05T22:40:13.000,41.9540197354
63,45263,18,2023-09-05T22:40:13.000,41.9544240318
64,45211,20,2023-09-05T22:40:16.000,41.9527793008
65,45215,27,2023-09-05T22:40:16.000,41.9524069352
66,45210,20,2023-09-05T22:40:16.000,41.9533921986
67,45213,27,2023-09-05T22:40:16.000,41.9529189391
68,45222,29,2023-09-05T22:40:16.000,41.9526056908
69,45219,30,2023-09-05T22:40:16.000,41.9526256799
70,45220,22,2023-09-05T22:40:16.000,41.9535105845
71,44718,20,2023-09-05T22:50:28.000,41.9540197354
72,44714,23,2023-09-05T22:50:28.000,41.9541531514
73,44705,18,2023-09-05T22:50:28.000,41.9538755379
74,44682,26,2023-09-05T22:50:30.000,41.9533921986
75,44676,22,2023-09-05T22:50:30.000,41.9530473793
76,44675,26,2023-09-05T22:50:30.000,41.9531625184
77,44674,28,2023-09-05T22:50:30.000,41.9532811726
78,44668,20,2023-09-05T22:50:30.000,41.9529189391
79,44331,20,2023-09-05T23:01:08.000,41.9538366862
80,44324,22,2023-09-05T23:01:08.000,41.9537825128
81,44316,27,2023-09-05T23:01:08.000,41.9536492536
82,44155,17,2023-09-05T23:01:15.000,41.9542409021
83,44171,18,2023-09-05T23:01:15.000,41.9543511743
84,44165,20,2023-09-05T23:01:15.000,41.9544240318
85,44133,23,2023-09-05T23:01:17.000,41.9526256799
86,44131,25,2023-09-05T23:01:17.000,41.9526056908
87,44129,27,2023-09-05T23:01:17.000,41.9524069352
88,44128,27,2023-09-05T23:01:17.000,41.9535105845
89,44125,22,2023-09-05T23:01:17.000,41.9527793008
90,44114,24,2023-09-05T23:01:17.000,41.9533921986
91,43734,21,2023-09-05T23:10:22.000,41.9538366862
92,43598,23,2023-09-05T23:10:33.000,41.9538755379
93,43602,23,2023-09-05T23:10:33.000,41.9541531514
94,43599,22,2023-09-05T23:10:33.000,41.9540197354
95,43552,21,2023-09-05T23:10:37.000,41.9531625184
96,43551,22,2023-09-05T23:10:37.000,41.9529189391
97,43549,23,2023-09-05T23:10:37.000,41.9530473793
98,43546,22,2023-09-05T23:10:37.000,41.9527793008
99,43183,27,2023-09-05T23:20:41.000,41.9542409021
100,43184,25,2023-09-05T23:20:41.000,41.9543511743
101,43192,22,2023-09-05T23:20:41.000,41.9544240318
102,43187,16,2023-09-05T23:20:41.000,41.9541531514
103,43173,27,2023-09-05T23:20:42.000,41.9524069352
104,43162,28,2023-09-05T23:20:42.000,41.9532811726
105,43151,22,2023-09-05T23:20:42.000,41.9533921986
106,42879,23,2023-09-06T01:10:19.000,41.9541531514
107,42610,3,2023-09-06T01:20:41.000,41.9541531514
108,41022,10,2023-09-06T02:40:03.000,41.9533921986
109,40625,24,2023-09-06T03:10:17.000,41.9533921986
110,40185,25,2023-09-06T03:40:03.000,41.9532811726
111,40183,23,2023-09-06T03:40:03.000,41.9531625184
112,40182,23,2023-09-06T03:40:03.000,41.9533921986
113,40180,25,2023-09-06T03:40:03.000,41.9530473793
114,40084,25,2023-09-06T03:50:16.000,41.9536492536
115,40077,24,2023-09-06T03:50:16.000,41.9537825128
116,40075,25,2023-09-06T03:50:16.000,41.9538366862
117,40018,21,2023-09-06T03:50:18.000,41.9540197354
118,40026,23,2023-09-06T03:50:18.000,41.9538755379
119,40013,25,2023-09-06T03:50:19.000,41.9535105845
120,39815,25,2023-09-06T04:01:05.000,41.9541531514
121,39812,25,2023-09-06T04:01:05.000,41.9540197354
122,39807,25,2023-09-06T04:01:05.000,41.9542409021
123,39802,25,2023-09-06T04:01:05.000,41.9544240318
124,39782,18,2023-09-06T04:01:05.000,41.9543511743
125,39779,20,2023-09-06T04:01:06.000,41.9535105845
126,39778,20,2023-09-06T04:01:06.000,41.9526256799
127,39775,23,2023-09-06T04:01:06.000,41.9531625184
128,39765,22,2023-09-06T04:01:06.000,41.9533921986
129,39762,27,2023-09-06T04:01:06.000,41.9530473793
130,39757,21,2023-09-06T04:01:06.000,41.9532811726
131,39588,18,2023-09-06T04:10:17.000,41.9536492536
132,39578,18,2023-09-06T04:10:17.000,41.9538366862
133,39575,18,2023-09-06T04:10:17.000,41.9537825128
134,39531,27,2023-09-06T04:10:19.000,41.9541531514
135,39539,21,2023-09-06T04:10:19.000,41.9538755379
136,39518,21,2023-09-06T04:10:20.000,41.9527793008
137,39510,24,2023-09-06T04:10:20.000,41.9526056908
138,39509,18,2023-09-06T04:10:20.000,41.9535105845
139,39505,23,2023-09-06T04:10:20.000,41.9530473793
140,39503,25,2023-09-06T04:10:20.000,41.9529189391
141,39496,24,2023-09-06T04:10:20.000,41.9526256799
142,39256,21,2023-09-06T04:20:41.000,41.9538755379
143,39251,22,2023-09-06T04:20:41.000,41.9544240318
144,39248,25,2023-09-06T04:20:41.000,41.9541531514
145,39241,27,2023-09-06T04:20:41.000,41.9543511743
146,39240,27,2023-09-06T04:20:41.000,41.9542409021
147,39234,27,2023-09-06T04:20:41.000,41.9540197354
148,39204,22,2023-09-06T04:20:42.000,41.9535105845
149,39200,25,2023-09-06T04:20:42.000,41.9530473793
150,39224,22,2023-09-06T04:20:42.000,41.9533921986
151,39231,23,2023-09-06T04:20:42.000,41.9532811726
152,39209,22,2023-09-06T04:20:42.000,41.9531625184
153,38968,24,2023-09-06T04:30:51.000,41.9538366862
154,38953,20,2023-09-06T04:30:51.000,41.9537825128
155,38947,20,2023-09-06T04:30:51.000,41.9536492536
156,38865,25,2023-09-06T04:30:54.000,41.9540197354
157,38857,23,2023-09-06T04:30:54.000,41.9541531514
158,38847,21,2023-09-06T04:30:54.000,41.9538755379
159,38818,29,2023-09-06T04:30:55.000,41.9529189391
160,38821,27,2023-09-06T04:30:55.000,41.9526056908
161,38840,27,2023-09-06T04:30:55.000,41.9527793008
162,38825,27,2023-09-06T04:30:55.000,41.9524069352
163,38839,29,2023-09-06T04:30:55.000,41.9526256799
164,38822,25,2023-09-06T04:30:55.000,41.9530473793
165,38674,34,2023-09-06T04:40:01.000,41.9519145079
166,38448,21,2023-09-06T04:40:08.000,41.9544240318
167,38449,23,2023-09-06T04:40:08.000,41.9541531514
168,38450,25,2023-09-06T04:40:08.000,41.9542409021
169,38455,20,2023-09-06T04:40:08.000,41.9540197354
170,38457,19,2023-09-06T04:40:08.000,41.9543511743
171,38461,25,2023-09-06T04:40:08.000,41.9538755379
172,38415,26,2023-09-06T04:40:10.000,41.9530473793
173,38419,35,2023-09-06T04:40:10.000,41.9521088985
174,38421,25,2023-09-06T04:40:10.000,41.9535105845
175,38414,29,2023-09-06T04:40:10.000,41.9532811726
176,38424,29,2023-09-06T04:40:10.000,41.9533921986
177,38426,31,2023-09-06T04:40:10.000,41.9531625184
178,38427,27,2023-09-06T04:40:10.000,41.9524069352
179,38422,26,2023-09-06T04:40:10.000,41.9526256799
180,38175,32,2023-09-06T04:50:19.000,41.9538366862
181,38165,27,2023-09-06T04:50:19.000,41.9536492536
182,38157,26,2023-09-06T04:50:19.000,41.9537825128
183,38077,25,2023-09-06T04:50:23.000,41.9540197354
184,38076,23,2023-09-06T04:50:23.000,41.9541531514
185,38060,29,2023-09-06T04:50:23.000,41.9538755379
186,38023,27,2023-09-06T04:50:25.000,41.9526256799
187,38021,28,2023-09-06T04:50:25.000,41.9535105845
188,38024,31,2023-09-06T04:50:25.000,41.9526056908
189,38040,28,2023-09-06T04:50:25.000,41.9527793008
190,38031,19,2023-09-06T04:50:25.000,41.9531625184
191,38032,20,2023-09-06T04:50:25.000,41.9529189391
192,38038,27,2023-09-06T04:50:25.000,41.9524069352
193,38027,18,2023-09-06T04:50:25.000,41.9530473793
194,37836,29,2023-09-06T05:01:03.000,41.9519145079
195,37656,25,2023-09-06T05:01:12.000,41.9540197354
196,37649,23,2023-09-06T05:01:12.000,41.9543511743
197,37648,21,2023-09-06T05:01:12.000,41.9541531514
198,37643,27,2023-09-06T05:01:12.000,41.9542409021
199,37636,23,2023-09-06T05:01:12.000,41.9544240318
200,37592,22,2023-09-06T05:01:14.000,41.9532811726
201,37594,20,2023-09-06T05:01:14.000,41.9533921986
202,37595,14,2023-09-06T05:01:14.000,41.9531625184
203,37604,21,2023-09-06T05:01:14.000,41.9535105845
204,37602,23,2023-09-06T05:01:14.000,41.9526256799
205,37609,24,2023-09-06T05:01:14.000,41.9524069352
206,37600,28,2023-09-06T05:01:14.000,41.9521088985
207,37282,20,2023-09-06T05:10:20.000,41.9536492536
208,37278,24,2023-09-06T05:10:20.000,41.9537825128
209,37275,27,2023-09-06T05:10:20.000,41.9538366862
210,37140,26,2023-09-06T05:10:29.000,41.9541531514
211,37139,26,2023-09-06T05:10:29.000,41.9538755379
212,37138,27,2023-09-06T05:10:29.000,41.9540197354
213,37089,27,2023-09-06T05:10:32.000,41.9524069352
214,37091,21,2023-09-06T05:10:32.000,41.9535105845
215,37092,23,2023-09-06T05:10:32.000,41.9530473793
216,37098,26,2023-09-06T05:10:32.000,41.9529189391
217,37094,25,2023-09-06T05:10:32.000,41.9527793008
218,37096,20,2023-09-06T05:10:32.000,41.9526056908
219,37093,23,2023-09-06T05:10:32.000,41.9526256799
220,36842,31,2023-09-06T05:20:36.000,41.9519145079
221,36602,22,2023-09-06T05:20:50.000,41.9544240318
222,36616,21,2023-09-06T05:20:50.000,41.9541531514
223,36609,27,2023-09-06T05:20:50.000,41.9542409021
224,36605,22,2023-09-06T05:20:50.000,41.9543511743
225,36575,27,2023-09-06T05:20:52.000,41.9532811726
226,36574,25,2023-09-06T05:20:52.000,41.9530473793
227,36570,25,2023-09-06T05:20:52.000,41.9526256799
228,36569,25,2023-09-06T05:20:52.000,41.9533921986
229,36568,28,2023-09-06T05:20:52.000,41.9524069352
230,36562,35,2023-09-06T05:20:52.000,41.9521088985
231,36557,20,2023-09-06T05:20:52.000,41.9531625184
232,36275,32,2023-09-06T05:30:50.000,41.9519145079
233,36168,29,2023-09-06T05:30:55.000,41.9537825128
234,36167,20,2023-09-06T05:30:55.000,41.9538366862
235,36165,29,2023-09-06T05:30:55.000,41.9536492536
236,36030,18,2023-09-06T05:31:02.000,41.9541531514
237,36036,25,2023-09-06T05:31:02.000,41.9540197354
238,36032,24,2023-09-06T05:31:02.000,41.9538755379
239,35993,24,2023-09-06T05:31:04.000,41.9527793008
240,35992,25,2023-09-06T05:31:04.000,41.9529189391
241,35991,29,2023-09-06T05:31:04.000,41.9526056908
242,35988,24,2023-09-06T05:31:04.000,41.9530473793
243,35984,30,2023-09-06T05:31:04.000,41.9526256799
244,35979,24,2023-09-06T05:31:04.000,41.9535105845
245,35700,29,2023-09-06T05:40:02.000,41.9519145079
246,35402,17,2023-09-06T05:40:15.000,41.9538755379
247,35405,22,2023-09-06T05:40:15.000,41.9544240318
248,35413,20,2023-09-06T05:40:15.000,41.9541531514
249,35410,25,2023-09-06T05:40:15.000,41.9543511743
250,35416,24,2023-09-06T05:40:15.000,41.9542409021
251,35407,23,2023-09-06T05:40:15.000,41.9540197354
252,35365,26,2023-09-06T05:40:17.000,41.9524069352
253,35362,25,2023-09-06T05:40:17.000,41.9526256799
254,35363,17,2023-09-06T05:40:17.000,41.9527793008
255,35368,25,2023-09-06T05:40:17.000,41.9529189391
256,35378,29,2023-09-06T05:40:17.000,41.9521088985
257,35371,24,2023-09-06T05:40:17.000,41.9532811726
258,35373,26,2023-09-06T05:40:17.000,41.9530473793
259,35377,25,2023-09-06T05:40:17.000,41.9531625184
260,35379,26,2023-09-06T05:40:17.000,41.9533921986
261,35370,24,2023-09-06T05:40:17.000,41.9526056908
262,35025,24,2023-09-06T05:50:17.000,41.9519145079
263,34948,27,2023-09-06T05:50:22.000,41.9538366862
264,34921,22,2023-09-06T05:50:22.000,41.9536492536
265,34920,25,2023-09-06T05:50:22.000,41.9537825128
266,34763,29,2023-09-06T05:50:31.000,41.9542409021
267,34761,26,2023-09-06T05:50:31.000,41.9538755379
268,34769,20,2023-09-06T05:50:31.000,41.9543511743
269,34770,29,2023-09-06T05:50:31.000,41.9541531514
270,34732,24,2023-09-06T05:50:36.000,41.9524069352
271,34730,24,2023-09-06T05:50:36.000,41.9521088985
272,34725,18,2023-09-06T05:50:37.000,41.9527793008
273,34724,22,2023-09-06T05:50:37.000,41.9531625184
274,34723,24,2023-09-06T05:50:37.000,41.9533921986
275,34721,18,2023-09-06T05:50:37.000,41.9529189391
276,34720,23,2023-09-06T05:50:37.000,41.9530473793
277,34718,20,2023-09-06T05:50:37.000,41.9532811726
278,34716,24,2023-09-06T05:50:37.000,41.9535105845
279,34394,33,2023-09-06T06:01:05.000,41.9519145079
280,34291,20,2023-09-06T06:01:11.000,41.9536492536
281,34117,23,2023-09-06T06:01:20.000,41.9541531514
282,34119,27,2023-09-06T06:01:20.000,41.9540197354
283,34134,30,2023-09-06T06:01:20.000,41.9542409021
284,34131,20,2023-09-06T06:01:20.000,41.9543511743
285,34120,22,2023-09-06T06:01:20.000,41.9544240318
286,34074,23,2023-09-06T06:01:23.000,41.9527793008
287,34071,20,2023-09-06T06:01:23.000,41.9535105845
288,34072,23,2023-09-06T06:01:23.000,41.9526256799
289,34076,20,2023-09-06T06:01:23.000,41.9530473793
290,34082,20,2023-09-06T06:01:23.000,41.9533921986
291,34083,25,2023-09-06T06:01:23.000,41.9532811726
292,34084,27,2023-09-06T06:01:23.000,41.9524069352
293,34085,23,2023-09-06T06:01:23.000,41.9529189391
294,34078,23,2023-09-06T06:01:23.000,41.9526056908
295,33701,33,2023-09-06T06:10:18.000,41.9519145079
296,33602,17,2023-09-06T06:10:26.000,41.9536492536
297,33572,20,2023-09-06T06:10:27.000,41.9538366862
298,33571,18,2023-09-06T06:10:27.000,41.9537825128
299,33429,29,2023-09-06T06:10:45.000,41.9542409021
300,33428,24,2023-09-06T06:10:45.000,41.9541531514
301,33426,15,2023-09-06T06:10:45.000,41.9544240318
302,33420,23,2023-09-06T06:10:45.000,41.9538755379
303,33377,28,2023-09-06T06:10:48.000,41.9533921986
304,33373,25,2023-09-06T06:10:48.000,41.9524069352
305,33375,23,2023-09-06T06:10:48.000,41.9531625184
306,33379,25,2023-09-06T06:10:48.000,41.9527793008
307,33387,23,2023-09-06T06:10:48.000,41.9530473793
308,33383,33,2023-09-06T06:10:48.000,41.9521088985
309,33389,31,2023-09-06T06:10:48.000,41.9526256799
310,33388,33,2023-09-06T06:10:48.000,41.9526056908
311,33382,21,2023-09-06T06:10:48.000,41.9532811726
312,32914,20,2023-09-06T06:20:48.000,41.9537825128
313,32905,25,2023-09-06T06:20:48.000,41.9538366862
314,32904,22,2023-09-06T06:20:48.000,41.9536492536
315,32734,15,2023-09-06T06:20:59.000,41.9544240318
316,32730,19,2023-09-06T06:20:59.000,41.9543511743
317,32729,25,2023-09-06T06:20:59.000,41.9540197354
318,32727,20,2023-09-06T06:20:59.000,41.9541531514
319,32726,25,2023-09-06T06:20:59.000,41.9542409021
320,32657,26,2023-09-06T06:21:03.000,41.9526256799
321,32659,22,2023-09-06T06:21:03.000,41.9535105845
322,32661,23,2023-09-06T06:21:03.000,41.9530473793
323,32667,24,2023-09-06T06:21:03.000,41.9529189391
324,32675,24,2023-09-06T06:21:03.000,41.9533921986
325,32676,27,2023-09-06T06:21:03.000,41.9524069352
326,32677,20,2023-09-06T06:21:03.000,41.9531625184
327,32673,20,2023-09-06T06:21:03.000,41.9527793008
328,32276,35,2023-09-06T06:30:50.000,41.9519145079
329,32135,22,2023-09-06T06:30:59.000,41.9538366862
330,31956,21,2023-09-06T06:31:11.000,41.9544240318
331,31953,18,2023-09-06T06:31:11.000,41.9541531514
332,31950,25,2023-09-06T06:31:11.000,41.9540197354
333,31943,20,2023-09-06T06:31:11.000,41.9538755379
334,31879,35,2023-09-06T06:31:15.000,41.9521088985
335,31886,30,2023-09-06T06:31:15.000,41.9533921986
336,31890,22,2023-09-06T06:31:15.000,41.9527793008
337,31893,26,2023-09-06T06:31:15.000,41.9526256799
338,31894,27,2023-09-06T06:31:15.000,41.9526056908
339,31899,21,2023-09-06T06:31:15.000,41.9531625184
340,31897,23,2023-09-06T06:31:15.000,41.9535105845
341,31895,25,2023-09-06T06:31:15.000,41.9529189391
342,31902,22,2023-09-06T06:31:15.000,41.9530473793
343,31900,33,2023-09-06T06:31:15.000,41.9532811726
344,31901,31,2023-09-06T06:31:15.000,41.9524069352
345,31473,24,2023-09-06T06:40:05.000,41.9519145079
346,31362,31,2023-09-06T06:40:15.000,41.9538366862
347,31350,29,2023-09-06T06:40:15.000,41.9536492536
348,31341,30,2023-09-06T06:40:15.000,41.9537825128
349,31177,27,2023-09-06T06:40:28.000,41.9542409021
350,31175,23,2023-09-06T06:40:28.000,41.9538755379
351,31169,21,2023-09-06T06:40:28.000,41.9543511743
352,31166,19,2023-09-06T06:40:28.000,41.9541531514
353,31165,14,2023-09-06T06:40:28.000,41.9544240318
354,31111,27,2023-09-06T06:40:34.000,41.9533921986
355,31112,20,2023-09-06T06:40:34.000,41.9531625184
356,31113,26,2023-09-06T06:40:34.000,41.9526056908
357,31114,23,2023-09-06T06:40:34.000,41.9530473793
358,31116,24,2023-09-06T06:40:34.000,41.9526256799
359,31117,21,2023-09-06T06:40:34.000,41.9529189391
360,31118,18,2023-09-06T06:40:34.000,41.9524069352
361,31119,29,2023-09-06T06:40:34.000,41.9532811726
362,31115,20,2023-09-06T06:40:34.000,41.9527793008
363,31107,19,2023-09-06T06:40:35.000,41.9535105845
364,30695,28,2023-09-06T06:50:19.000,41.9519145079
365,30576,23,2023-09-06T06:50:27.000,41.9537825128
366,30561,23,2023-09-06T06:50:27.000,41.9536492536
367,30383,21,2023-09-06T06:50:47.000,41.9541531514
368,30384,24,2023-09-06T06:50:47.000,41.9542409021
369,30379,27,2023-09-06T06:50:47.000,41.9538755379
370,30393,16,2023-09-06T06:50:47.000,41.9544240318
371,30391,19,2023-09-06T06:50:47.000,41.9543511743
372,30394,22,2023-09-06T06:50:47.000,41.9540197354
373,30327,19,2023-09-06T06:50:51.000,41.9529189391
374,30328,13,2023-09-06T06:50:51.000,41.9531625184
375,30329,20,2023-09-06T06:50:51.000,41.9527793008
376,30330,20,2023-09-06T06:50:51.000,41.9530473793
377,30332,25,2023-09-06T06:50:51.000,41.9535105845
378,30338,29,2023-09-06T06:50:51.000,41.9532811726
379,30334,21,2023-09-06T06:50:51.000,41.9533921986
380,30336,27,2023-09-06T06:50:51.000,41.9524069352
381,30337,20,2023-09-06T06:50:51.000,41.9526056908
382,30341,22,2023-09-06T06:50:51.000,41.9526256799
383,30333,28,2023-09-06T06:50:51.000,41.9521088985
384,29909,42,2023-09-06T07:01:07.000,41.9519145079
385,29775,22,2023-09-06T07:01:16.000,41.9538366862
386,29784,20,2023-09-06T07:01:16.000,41.9537825128
387,29776,22,2023-09-06T07:01:16.000,41.9536492536
388,29608,25,2023-09-06T07:01:30.000,41.9540197354
389,29606,25,2023-09-06T07:01:30.000,41.9538755379
390,29601,12,2023-09-06T07:01:30.000,41.9544240318
391,29567,35,2023-09-06T07:01:38.000,41.9521088985
392,29552,23,2023-09-06T07:01:39.000,41.9527793008
393,29553,20,2023-09-06T07:01:39.000,41.9533921986
394,29554,25,2023-09-06T07:01:39.000,41.9526256799
395,29555,16,2023-09-06T07:01:39.000,41.9531625184
396,29558,20,2023-09-06T07:01:39.000,41.9532811726
397,29557,25,2023-09-06T07:01:39.000,41.9529189391
398,29559,29,2023-09-06T07:01:39.000,41.9530473793
399,29560,31,2023-09-06T07:01:39.000,41.9524069352
400,29561,24,2023-09-06T07:01:39.000,41.9526056908
401,29556,24,2023-09-06T07:01:39.000,41.9535105845
402,29117,33,2023-09-06T07:10:20.000,41.9519145079
403,28994,23,2023-09-06T07:10:36.000,41.9536492536
404,28980,21,2023-09-06T07:10:36.000,41.9537825128
405,28978,16,2023-09-06T07:10:37.000,41.9538366862
406,28804,24,2023-09-06T07:10:55.000,41.9540197354
407,28803,23,2023-09-06T07:10:55.000,41.9541531514
408,28802,24,2023-09-06T07:10:55.000,41.9538755379
409,28801,27,2023-09-06T07:10:56.000,41.9542409021
410,28792,12,2023-09-06T07:10:56.000,41.9544240318
411,28789,23,2023-09-06T07:10:56.000,41.9543511743
412,28756,33,2023-09-06T07:11:01.000,41.9521088985
413,28755,23,2023-09-06T07:11:01.000,41.9526256799
414,28754,14,2023-09-06T07:11:01.000,41.9527793008
415,28753,27,2023-09-06T07:11:01.000,41.9526056908
416,28752,20,2023-09-06T07:11:01.000,41.9524069352
417,28745,25,2023-09-06T07:11:02.000,41.9529189391
418,28746,22,2023-09-06T07:11:02.000,41.9530473793
419,28747,23,2023-09-06T07:11:02.000,41.9533921986
420,28748,25,2023-09-06T07:11:02.000,41.9532811726
421,28749,24,2023-09-06T07:11:02.000,41.9535105845
422,28750,22,2023-09-06T07:11:02.000,41.9531625184
423,28170,26,2023-09-06T07:20:53.000,41.9536492536
424,28169,14,2023-09-06T07:20:53.000,41.9537825128
425,28167,20,2023-09-06T07:20:53.000,41.9538366862
426,27987,14,2023-09-06T07:21:09.000,41.9544240318
427,27985,20,2023-09-06T07:21:09.000,41.9542409021
428,27982,17,2023-09-06T07:21:09.000,41.9541531514
429,27978,23,2023-09-06T07:21:09.000,41.9540197354
430,27977,23,2023-09-06T07:21:09.000,41.9538755379
431,27931,24,2023-09-06T07:21:14.000,41.9526256799
432,27933,25,2023-09-06T07:21:14.000,41.9532811726
433,27934,23,2023-09-06T07:21:14.000,41.9527793008
434,27935,18,2023-09-06T07:21:14.000,41.9531625184
435,27932,25,2023-09-06T07:21:14.000,41.9524069352
436,27937,23,2023-09-06T07:21:14.000,41.9526056908
437,27941,28,2023-09-06T07:21:14.000,41.9521088985
438,27942,18,2023-09-06T07:21:14.000,41.9533921986
439,27936,18,2023-09-06T07:21:14.000,41.9530473793
440,27938,26,2023-09-06T07:21:14.000,41.9535105845
441,27940,23,2023-09-06T07:21:14.000,41.9529189391
442,27481,25,2023-09-06T07:30:53.000,41.9519145079
443,27368,18,2023-09-06T07:31:03.000,41.9536492536
444,27366,25,2023-09-06T07:31:03.000,41.9538366862
445,27350,20,2023-09-06T07:31:03.000,41.9537825128
446,27189,25,2023-09-06T07:31:19.000,41.9540197354
447,27187,14,2023-09-06T07:31:19.000,41.9543511743
448,27186,8,2023-09-06T07:31:19.000,41.9544240318
449,27178,23,2023-09-06T07:31:19.000,41.9542409021
450,27191,17,2023-09-06T07:31:19.000,41.9541531514
451,27119,25,2023-09-06T07:31:24.000,41.9527793008
452,27115,21,2023-09-06T07:31:24.000,41.9530473793
453,27116,14,2023-09-06T07:31:24.000,41.9532811726
454,27117,19,2023-09-06T07:31:24.000,41.9526056908
455,27120,13,2023-09-06T07:31:24.000,41.9533921986
456,27123,27,2023-09-06T07:31:24.000,41.9535105845
457,27126,28,2023-09-06T07:31:24.000,41.9521088985
458,27127,25,2023-09-06T07:31:24.000,41.9529189391
459,27128,18,2023-09-06T07:31:24.000,41.9526256799
460,27121,16,2023-09-06T07:31:24.000,41.9531625184
461,26678,30,2023-09-06T07:40:05.000,41.9519145079
462,26534,23,2023-09-06T07:40:18.000,41.9536492536
463,26531,20,2023-09-06T07:40:18.000,41.9537825128
464,26525,15,2023-09-06T07:40:18.000,41.9538366862
465,26352,14,2023-09-06T07:40:36.000,41.9544240318
466,26353,24,2023-09-06T07:40:36.000,41.9542409021
467,26355,8,2023-09-06T07:40:36.000,41.9543511743
468,26356,16,2023-09-06T07:40:36.000,41.9538755379
469,26354,19,2023-09-06T07:40:36.000,41.9541531514
470,26295,25,2023-09-06T07:40:45.000,41.9524069352
471,26298,19,2023-09-06T07:40:45.000,41.9526056908
472,26296,25,2023-09-06T07:40:45.000,41.9521088985
473,26297,17,2023-09-06T07:40:45.000,41.9529189391
474,26299,23,2023-09-06T07:40:45.000,41.9527793008
475,26304,23,2023-09-06T07:40:45.000,41.9532811726
476,26301,22,2023-09-06T07:40:45.000,41.9535105845
477,26307,12,2023-09-06T07:40:45.000,41.9533921986
478,26300,16,2023-09-06T07:40:45.000,41.9531625184
479,26302,18,2023-09-06T07:40:45.000,41.9526256799
480,26303,23,2023-09-06T07:40:45.000,41.9530473793
481,25866,35,2023-09-06T07:50:20.000,41.9519145079
482,25747,20,2023-09-06T07:50:30.000,41.9536492536
483,25746,15,2023-09-06T07:50:30.000,41.9537825128
484,25742,16,2023-09-06T07:50:30.000,41.9538366862
485,25591,21,2023-09-06T07:50:51.000,41.9538755379
486,25577,27,2023-09-06T07:50:52.000,41.9542409021
487,25576,23,2023-09-06T07:50:52.000,41.9540197354
488,25575,6,2023-09-06T07:50:52.000,41.9544240318
489,25571,16,2023-09-06T07:50:52.000,41.9543511743
490,25570,20,2023-09-06T07:50:52.000,41.9541531514
491,25526,23,2023-09-06T07:50:57.000,41.9526256799
492,25527,14,2023-09-06T07:50:57.000,41.9531625184
493,25528,36,2023-09-06T07:50:57.000,41.9521088985
494,25530,31,2023-09-06T07:50:57.000,41.9524069352
495,25534,18,2023-09-06T07:50:57.000,41.9530473793
496,25533,18,2023-09-06T07:50:57.000,41.9527793008
497,25535,27,2023-09-06T07:50:57.000,41.9526056908
498,25532,16,2023-09-06T07:50:57.000,41.9533921986
499,25537,20,2023-09-06T07:50:57.000,41.9529189391
500,25514,19,2023-09-06T07:50:58.000,41.9535105845
501,24976,26,2023-09-06T08:01:18.000,41.9536492536
502,24975,17,2023-09-06T08:01:18.000,41.9538366862
503,24968,14,2023-09-06T08:01:18.000,41.9537825128
504,24793,24,2023-09-06T08:01:42.000,41.9543511743
505,24792,21,2023-09-06T08:01:42.000,41.9541531514
506,24794,30,2023-09-06T08:01:42.000,41.9540197354
507,24796,9,2023-09-06T08:01:42.000,41.9544240318
508,24797,24,2023-09-06T08:01:42.000,41.9538755379
509,24795,21,2023-09-06T08:01:42.000,41.9542409021
510,24742,17,2023-09-06T08:01:48.000,41.9530473793
511,24741,24,2023-09-06T08:01:48.000,41.9526256799
512,24740,23,2023-09-06T08:01:48.000,41.9526056908
513,24739,27,2023-09-06T08:01:48.000,41.9529189391
514,24738,21,2023-09-06T08:01:48.000,41.9524069352
515,24737,20,2023-09-06T08:01:48.000,41.9527793008
516,24736,12,2023-09-06T08:01:48.000,41.9533921986
517,24735,18,2023-09-06T08:01:48.000,41.9531625184
518,24734,19,2023-09-06T08:01:48.000,41.9532811726
519,24300,32,2023-09-06T08:10:21.000,41.9519145079
520,24158,18,2023-09-06T08:10:40.000,41.9538366862
521,23987,21,2023-09-06T08:10:58.000,41.9540197354
522,23994,23,2023-09-06T08:10:58.000,41.9538755379
523,23997,20,2023-09-06T08:10:58.000,41.9541531514
524,23992,23,2023-09-06T08:10:58.000,41.9542409021
525,23984,10,2023-09-06T08:10:59.000,41.9544240318
526,23981,17,2023-09-06T08:10:59.000,41.9543511743
527,23941,18,2023-09-06T08:11:04.000,41.9526256799
528,23940,12,2023-09-06T08:11:04.000,41.9533921986
529,23939,15,2023-09-06T08:11:04.000,41.9531625184
530,23938,27,2023-09-06T08:11:04.000,41.9529189391
531,23937,12,2023-09-06T08:11:04.000,41.9527793008
532,23936,14,2023-09-06T08:11:04.000,41.9532811726
533,23935,20,2023-09-06T08:11:04.000,41.9530473793
534,23930,33,2023-09-06T08:11:04.000,41.9521088985
535,23929,28,2023-09-06T08:11:04.000,41.9524069352
536,23915,16,2023-09-06T08:11:05.000,41.9535105845
537,23489,31,2023-09-06T08:20:42.000,41.9519145079
538,23363,16,2023-09-06T08:20:53.000,41.9537825128
539,23365,18,2023-09-06T08:20:53.000,41.9536492536
540,23359,12,2023-09-06T08:20:53.000,41.9538366862
541,23193,24,2023-09-06T08:21:09.000,41.9541531514
542,23174,13,2023-09-06T08:21:10.000,41.9544240318
543,23173,21,2023-09-06T08:21:10.000,41.9543511743
544,23181,23,2023-09-06T08:21:10.000,41.9542409021
545,23136,27,2023-09-06T08:21:15.000,41.9526256799
546,23133,15,2023-09-06T08:21:15.000,41.9531625184
547,23132,29,2023-09-06T08:21:15.000,41.9529189391
548,23131,20,2023-09-06T08:21:15.000,41.9526056908
549,23128,27,2023-09-06T08:21:15.000,41.9524069352
550,23127,16,2023-09-06T08:21:15.000,41.9535105845
551,23126,8,2023-09-06T08:21:15.000,41.9532811726
552,23125,18,2023-09-06T08:21:15.000,41.9527793008
553,23124,14,2023-09-06T08:21:15.000,41.9533921986
554,23123,33,2023-09-06T08:21:15.000,41.9521088985
555,22561,12,2023-09-06T08:31:03.000,41.9536492536
556,22576,12,2023-09-06T08:31:03.000,41.9538366862
557,22563,18,2023-09-06T08:31:03.000,41.9537825128
558,22387,18,2023-09-06T08:31:19.000,41.9538755379
559,22377,20,2023-09-06T08:31:20.000,41.9540197354
560,22376,10,2023-09-06T08:31:20.000,41.9544240318
561,22332,25,2023-09-06T08:31:25.000,41.9530473793
562,22331,14,2023-09-06T08:31:25.000,41.9532811726
563,22330,27,2023-09-06T08:31:25.000,41.9526056908
564,22329,13,2023-09-06T08:31:25.000,41.9524069352
565,22326,19,2023-09-06T08:31:25.000,41.9529189391
566,22325,27,2023-09-06T08:31:25.000,41.9527793008
567,22323,19,2023-09-06T08:31:25.000,41.9526256799
568,22322,17,2023-09-06T08:31:25.000,41.9531625184
569,22321,21,2023-09-06T08:31:25.000,41.9535105845
570,22320,8,2023-09-06T08:31:25.000,41.9533921986
571,21890,34,2023-09-06T08:40:06.000,41.9519145079
572,21769,20,2023-09-06T08:40:19.000,41.9537825128
573,21763,12,2023-09-06T08:40:19.000,41.9538366862
574,21772,15,2023-09-06T08:40:19.000,41.9536492536
575,21588,11,2023-09-06T08:40:40.000,41.9540197354
576,21586,23,2023-09-06T08:40:40.000,41.9542409021
577,21583,17,2023-09-06T08:40:40.000,41.9541531514
578,21582,12,2023-09-06T08:40:40.000,41.9544240318
579,21580,20,2023-09-06T08:40:40.000,41.9538755379
580,21545,30,2023-09-06T08:40:47.000,41.9524069352
581,21543,14,2023-09-06T08:40:47.000,41.9527793008
582,21542,26,2023-09-06T08:40:47.000,41.9529189391
583,21539,32,2023-09-06T08:40:47.000,41.9521088985
584,21523,15,2023-09-06T08:40:48.000,41.9531625184
585,21525,20,2023-09-06T08:40:48.000,41.9530473793
586,21535,9,2023-09-06T08:40:48.000,41.9533921986
587,21537,27,2023-09-06T08:40:48.000,41.9535105845
588,21526,18,2023-09-06T08:40:48.000,41.9532811726
589,21089,29,2023-09-06T08:50:21.000,41.9519145079
590,20970,16,2023-09-06T08:50:31.000,41.9538366862
591,20968,18,2023-09-06T08:50:31.000,41.9537825128
592,20961,13,2023-09-06T08:50:31.000,41.9536492536
593,20786,17,2023-09-06T08:50:53.000,41.9540197354
594,20784,22,2023-09-06T08:50:53.000,41.9542409021
595,20777,16,2023-09-06T08:50:53.000,41.9541531514
596,20774,23,2023-09-06T08:50:53.000,41.9538755379
597,20765,10,2023-09-06T08:50:54.000,41.9544240318
598,20758,16,2023-09-06T08:50:54.000,41.9543511743
599,20712,29,2023-09-06T08:50:59.000,41.9521088985
600,20716,23,2023-09-06T08:50:59.000,41.9531625184
601,20717,18,2023-09-06T08:50:59.000,41.9532811726
602,20713,26,2023-09-06T08:50:59.000,41.9524069352
603,20721,22,2023-09-06T08:50:59.000,41.9526056908
604,20720,31,2023-09-06T08:50:59.000,41.9526256799
605,20723,13,2023-09-06T08:50:59.000,41.9533921986
606,20715,29,2023-09-06T08:50:59.000,41.9535105845
607,20722,23,2023-09-06T08:50:59.000,41.9527793008
608,20145,20,2023-09-06T09:01:18.000,41.9538366862
609,20142,25,2023-09-06T09:01:18.000,41.9536492536
610,20140,25,2023-09-06T09:01:18.000,41.9537825128
611,19978,12,2023-09-06T09:01:41.000,41.9544240318
612,19976,24,2023-09-06T09:01:41.000,41.9542409021
613,19975,24,2023-09-06T09:01:41.000,41.9538755379
614,19972,17,2023-09-06T09:01:41.000,41.9541531514
615,19970,25,2023-09-06T09:01:41.000,41.9540197354
616,19969,18,2023-09-06T09:01:41.000,41.9543511743
617,19913,23,2023-09-06T09:01:48.000,41.9526056908
618,19914,25,2023-09-06T09:01:48.000,41.9530473793
619,19916,25,2023-09-06T09:01:48.000,41.9535105845
620,19918,27,2023-09-06T09:01:48.000,41.9532811726
621,19915,16,2023-09-06T09:01:48.000,41.9533921986
622,19922,25,2023-09-06T09:01:48.000,41.9526256799
623,19923,23,2023-09-06T09:01:48.000,41.9524069352
624,19925,23,2023-09-06T09:01:48.000,41.9531625184
625,19926,22,2023-09-06T09:01:48.000,41.9527793008
626,19921,27,2023-09-06T09:01:48.000,41.9529189391
627,19486,30,2023-09-06T09:10:20.000,41.9519145079
628,19348,17,2023-09-06T09:10:38.000,41.9538366862
629,19345,23,2023-09-06T09:10:38.000,41.9537825128
630,19184,27,2023-09-06T09:10:58.000,41.9538755379
631,19188,16,2023-09-06T09:10:58.000,41.9544240318
632,19192,24,2023-09-06T09:10:58.000,41.9542409021
633,19191,16,2023-09-06T09:10:58.000,41.9541531514
634,19193,20,2023-09-06T09:10:58.000,41.9543511743
635,19190,30,2023-09-06T09:10:58.000,41.9540197354
636,19123,38,2023-09-06T09:11:04.000,41.9521088985
637,19124,21,2023-09-06T09:11:04.000,41.9530473793
638,19125,29,2023-09-06T09:11:04.000,41.9524069352
639,19126,33,2023-09-06T09:11:04.000,41.9526256799
640,19128,18,2023-09-06T09:11:04.000,41.9529189391
641,19130,23,2023-09-06T09:11:04.000,41.9532811726
642,19127,23,2023-09-06T09:11:04.000,41.9531625184
643,19131,21,2023-09-06T09:11:04.000,41.9533921986
644,19132,27,2023-09-06T09:11:04.000,41.9526056908
645,18704,42,2023-09-06T09:20:41.000,41.9519145079
646,18573,23,2023-09-06T09:20:51.000,41.9536492536
647,18570,23,2023-09-06T09:20:51.000,41.9537825128
648,18411,27,2023-09-06T09:21:06.000,41.9542409021
649,18410,17,2023-09-06T09:21:06.000,41.9541531514
650,18407,23,2023-09-06T09:21:06.000,41.9543511743
651,18404,25,2023-09-06T09:21:06.000,41.9538755379
652,18401,20,2023-09-06T09:21:06.000,41.9540197354
653,18388,12,2023-09-06T09:21:07.000,41.9544240318
654,18345,19,2023-09-06T09:21:12.000,41.9531625184
655,18346,12,2023-09-06T09:21:12.000,41.9526056908
656,18349,22,2023-09-06T09:21:12.000,41.9530473793
657,18350,28,2023-09-06T09:21:12.000,41.9529189391
658,18353,33,2023-09-06T09:21:12.000,41.9524069352
659,18355,22,2023-09-06T09:21:12.000,41.9533921986
660,18357,26,2023-09-06T09:21:12.000,41.9527793008
661,18359,38,2023-09-06T09:21:12.000,41.9521088985
662,18351,23,2023-09-06T09:21:12.000,41.9535105845
663,18356,23,2023-09-06T09:21:12.000,41.9532811726
664,17806,19,2023-09-06T09:31:02.000,41.9536492536
665,17804,23,2023-09-06T09:31:02.000,41.9537825128
666,17798,22,2023-09-06T09:31:02.000,41.9538366862
667,17620,25,2023-09-06T09:31:18.000,41.9540197354
668,17632,22,2023-09-06T09:31:18.000,41.9542409021
669,17630,13,2023-09-06T09:31:18.000,41.9541531514
670,17623,23,2023-09-06T09:31:18.000,41.9538755379
671,17616,18,2023-09-06T09:31:19.000,41.9544240318
672,17609,24,2023-09-06T09:31:19.000,41.9543511743
673,17566,24,2023-09-06T09:31:24.000,41.9527793008
674,17567,26,2023-09-06T09:31:24.000,41.9526256799
675,17569,25,2023-09-06T09:31:24.000,41.9535105845
676,17574,16,2023-09-06T09:31:24.000,41.9531625184
677,17571,31,2023-09-06T09:31:24.000,41.9524069352
678,17573,29,2023-09-06T09:31:24.000,41.9532811726
679,17570,18,2023-09-06T09:31:24.000,41.9533921986
680,17572,20,2023-09-06T09:31:24.000,41.9526056908
681,17157,33,2023-09-06T09:40:06.000,41.9519145079
682,17054,27,2023-09-06T09:40:17.000,41.9536492536
683,17051,16,2023-09-06T09:40:17.000,41.9538366862
684,17028,23,2023-09-06T09:40:17.000,41.9537825128
685,16861,22,2023-09-06T09:40:33.000,41.9542409021
686,16860,20,2023-09-06T09:40:33.000,41.9538755379
687,16859,21,2023-09-06T09:40:33.000,41.9544240318
688,16858,20,2023-09-06T09:40:33.000,41.9543511743
689,16856,18,2023-09-06T09:40:33.000,41.9541531514
690,16854,25,2023-09-06T09:40:33.000,41.9540197354
691,16800,35,2023-09-06T09:40:41.000,41.9521088985
692,16802,26,2023-09-06T09:40:41.000,41.9524069352
693,16804,25,2023-09-06T09:40:41.000,41.9526256799
694,16805,26,2023-09-06T09:40:41.000,41.9527793008
695,16803,26,2023-09-06T09:40:41.000,41.9526056908
696,16807,23,2023-09-06T09:40:41.000,41.9529189391
697,16798,27,2023-09-06T09:40:42.000,41.9530473793
698,16797,15,2023-09-06T09:40:42.000,41.9533921986
699,16796,21,2023-09-06T09:40:42.000,41.9535105845
700,16795,24,2023-09-06T09:40:42.000,41.9531625184
701,16387,40,2023-09-06T09:50:19.000,41.9519145079
702,16294,22,2023-09-06T09:50:27.000,41.9537825128
703,16286,19,2023-09-06T09:50:27.000,41.9538366862
704,16086,17,2023-09-06T09:50:47.000,41.9544240318
705,16089,25,2023-09-06T09:50:47.000,41.9543511743
706,16091,15,2023-09-06T09:50:47.000,41.9541531514
707,16090,18,2023-09-06T09:50:47.000,41.9538755379
708,16093,23,2023-09-06T09:50:47.000,41.9542409021
709,16049,27,2023-09-06T09:50:51.000,41.9524069352
710,16047,18,2023-09-06T09:50:51.000,41.9531625184
711,16046,24,2023-09-06T09:50:51.000,41.9527793008
712,16044,22,2023-09-06T09:50:51.000,41.9529189391
713,16043,16,2023-09-06T09:50:51.000,41.9532811726
714,16040,38,2023-09-06T09:50:51.000,41.9521088985
715,16039,16,2023-09-06T09:50:51.000,41.9526056908
716,16050,21,2023-09-06T09:50:51.000,41.9530473793
717,16032,21,2023-09-06T09:50:52.000,41.9533921986
718,16026,25,2023-09-06T09:50:52.000,41.9535105845
719,15514,21,2023-09-06T10:01:15.000,41.9538366862
720,15523,29,2023-09-06T10:01:15.000,41.9537825128
721,15522,25,2023-09-06T10:01:15.000,41.9536492536
722,15365,26,2023-09-06T10:01:29.000,41.9542409021
723,15358,13,2023-09-06T10:01:29.000,41.9541531514
724,15359,25,2023-09-06T10:01:29.000,41.9540197354
725,15354,20,2023-09-06T10:01:30.000,41.9543511743
726,15314,27,2023-09-06T10:01:39.000,41.9532811726
727,15313,20,2023-09-06T10:01:39.000,41.9531625184
728,15312,23,2023-09-06T10:01:39.000,41.9526056908
729,15311,23,2023-09-06T10:01:39.000,41.9524069352
730,15310,18,2023-09-06T10:01:39.000,41.9527793008
731,15309,23,2023-09-06T10:01:39.000,41.9529189391
732,15308,29,2023-09-06T10:01:39.000,41.9526256799
733,15304,29,2023-09-06T10:01:40.000,41.9533921986
734,15303,20,2023-09-06T10:01:40.000,41.9535105845
735,14923,35,2023-09-06T10:10:18.000,41.9519145079
736,14797,23,2023-09-06T10:10:30.000,41.9537825128
737,14806,25,2023-09-06T10:10:30.000,41.9536492536
738,14802,21,2023-09-06T10:10:30.000,41.9538366862
739,14641,23,2023-09-06T10:10:50.000,41.9542409021
740,14637,27,2023-09-06T10:10:50.000,41.9538755379
741,14634,26,2023-09-06T10:10:50.000,41.9543511743
742,14630,17,2023-09-06T10:10:50.000,41.9540197354
743,14626,16,2023-09-06T10:10:50.000,41.9541531514
744,14642,20,2023-09-06T10:10:50.000,41.9544240318
745,14576,29,2023-09-06T10:10:54.000,41.9524069352
746,14577,21,2023-09-06T10:10:54.000,41.9530473793
747,14579,25,2023-09-06T10:10:54.000,41.9526056908
748,14575,23,2023-09-06T10:10:54.000,41.9529189391
749,14583,20,2023-09-06T10:10:54.000,41.9532811726
750,14588,22,2023-09-06T10:10:54.000,41.9531625184
751,14589,26,2023-09-06T10:10:54.000,41.9526256799
752,14581,18,2023-09-06T10:10:54.000,41.9533921986
753,14590,36,2023-09-06T10:10:54.000,41.9521088985
754,14568,24,2023-09-06T10:10:55.000,41.9535105845
755,14176,31,2023-09-06T10:20:40.000,41.9519145079
756,14072,24,2023-09-06T10:20:50.000,41.9536492536
757,14069,20,2023-09-06T10:20:50.000,41.9538366862
758,13915,20,2023-09-06T10:21:02.000,41.9541531514
759,13912,19,2023-09-06T10:21:02.000,41.9543511743
760,13904,23,2023-09-06T10:21:02.000,41.9544240318
761,13902,20,2023-09-06T10:21:02.000,41.9538755379
762,13897,27,2023-09-06T10:21:02.000,41.9542409021
763,13913,21,2023-09-06T10:21:02.000,41.9540197354
764,13874,27,2023-09-06T10:21:05.000,41.9524069352
765,13867,30,2023-09-06T10:21:05.000,41.9521088985
766,13852,28,2023-09-06T10:21:06.000,41.9532811726
767,13850,27,2023-09-06T10:21:06.000,41.9529189391
768,13853,22,2023-09-06T10:21:06.000,41.9535105845
769,13861,23,2023-09-06T10:21:06.000,41.9527793008
770,13862,21,2023-09-06T10:21:06.000,41.9526056908
771,13863,22,2023-09-06T10:21:06.000,41.9530473793
772,13857,19,2023-09-06T10:21:06.000,41.9533921986
773,13361,23,2023-09-06T10:30:59.000,41.9536492536
774,13358,26,2023-09-06T10:30:59.000,41.9538366862
775,13352,20,2023-09-06T10:30:59.000,41.9537825128
776,13200,18,2023-09-06T10:31:11.000,41.9544240318
777,13199,19,2023-09-06T10:31:11.000,41.9538755379
778,13197,23,2023-09-06T10:31:11.000,41.9542409021
779,13194,18,2023-09-06T10:31:11.000,41.9543511743
780,13189,12,2023-09-06T10:31:11.000,41.9541531514
781,13135,25,2023-09-06T10:31:15.000,41.9530473793
782,13136,21,2023-09-06T10:31:15.000,41.9532811726
783,13138,25,2023-09-06T10:31:15.000,41.9531625184
784,13137,31,2023-09-06T10:31:15.000,41.9526256799
785,13145,23,2023-09-06T10:31:15.000,41.9533921986
786,13148,19,2023-09-06T10:31:15.000,41.9524069352
787,13149,26,2023-09-06T10:31:15.000,41.9527793008
788,13139,25,2023-09-06T10:31:15.000,41.9526056908
789,12729,41,2023-09-06T10:40:04.000,41.9519145079
790,12605,19,2023-09-06T10:40:12.000,41.9536492536
791,12603,25,2023-09-06T10:40:12.000,41.9537825128
792,12438,23,2023-09-06T10:40:25.000,41.9542409021
793,12440,20,2023-09-06T10:40:25.000,41.9541531514
794,12450,20,2023-09-06T10:40:25.000,41.9540197354
795,12447,25,2023-09-06T10:40:25.000,41.9538755379
796,12412,38,2023-09-06T10:40:28.000,41.9521088985
797,12407,14,2023-09-06T10:40:28.000,41.9527793008
798,12405,31,2023-09-06T10:40:28.000,41.9526056908
799,12401,33,2023-09-06T10:40:28.000,41.9526256799
800,12400,35,2023-09-06T10:40:28.000,41.9524069352
801,12384,25,2023-09-06T10:40:29.000,41.9531625184
802,12385,25,2023-09-06T10:40:29.000,41.9535105845
803,12383,23,2023-09-06T10:40:29.000,41.9532811726
804,12391,28,2023-09-06T10:40:29.000,41.9529189391
805,12389,30,2023-09-06T10:40:29.000,41.9530473793
806,12397,15,2023-09-06T10:40:29.000,41.9533921986
807,12013,38,2023-09-06T10:50:18.000,41.9519145079
808,11923,26,2023-09-06T10:50:25.000,41.9536492536
809,11926,25,2023-09-06T10:50:25.000,41.9538366862
810,11767,27,2023-09-06T10:50:41.000,41.9540197354
811,11766,16,2023-09-06T10:50:41.000,41.9543511743
812,11765,20,2023-09-06T10:50:41.000,41.9538755379
813,11756,23,2023-09-06T10:50:41.000,41.9541531514
814,11752,20,2023-09-06T10:50:42.000,41.9544240318
815,11705,38,2023-09-06T10:50:47.000,41.9521088985
816,11710,29,2023-09-06T10:50:47.000,41.9532811726
817,11714,22,2023-09-06T10:50:47.000,41.9533921986
818,11706,27,2023-09-06T10:50:47.000,41.9531625184
819,11716,18,2023-09-06T10:50:47.000,41.9527793008
820,11717,26,2023-09-06T10:50:47.000,41.9530473793
821,11718,21,2023-09-06T10:50:47.000,41.9535105845
822,11719,33,2023-09-06T10:50:47.000,41.9524069352
823,11715,24,2023-09-06T10:50:47.000,41.9529189391
824,11317,33,2023-09-06T11:01:05.000,41.9519145079
825,11216,24,2023-09-06T11:01:12.000,41.9538366862
826,11215,22,2023-09-06T11:01:12.000,41.9536492536
827,11208,20,2023-09-06T11:01:12.000,41.9537825128
828,11041,14,2023-09-06T11:01:22.000,41.9538755379
829,11050,20,2023-09-06T11:01:22.000,41.9543511743
830,11049,23,2023-09-06T11:01:22.000,41.9542409021
831,11046,27,2023-09-06T11:01:22.000,41.9541531514
832,11027,20,2023-09-06T11:01:23.000,41.9544240318
833,10985,12,2023-09-06T11:01:26.000,41.9531625184
834,10986,38,2023-09-06T11:01:26.000,41.9521088985
835,10995,21,2023-09-06T11:01:26.000,41.9527793008
836,10988,28,2023-09-06T11:01:26.000,41.9526056908
837,10994,25,2023-09-06T11:01:26.000,41.9535105845
838,10997,27,2023-09-06T11:01:26.000,41.9526256799
839,10998,27,2023-09-06T11:01:26.000,41.9533921986
840,10999,27,2023-09-06T11:01:26.000,41.9524069352
841,10996,31,2023-09-06T11:01:26.000,41.9532811726
842,10595,33,2023-09-06T11:10:18.000,41.9519145079
843,10481,23,2023-09-06T11:10:28.000,41.9536492536
844,10467,25,2023-09-06T11:10:29.000,41.9537825128
845,10333,21,2023-09-06T11:10:47.000,41.9538755379
846,10325,21,2023-09-06T11:10:48.000,41.9540197354
847,10320,21,2023-09-06T11:10:48.000,41.9541531514
848,10274,35,2023-09-06T11:10:51.000,41.9524069352
849,10277,27,2023-09-06T11:10:51.000,41.9527793008
850,10280,38,2023-09-06T11:10:51.000,41.9521088985
851,10279,29,2023-09-06T11:10:51.000,41.9530473793
852,10284,33,2023-09-06T11:10:51.000,41.9526256799
853,10285,31,2023-09-06T11:10:51.000,41.9529189391
854,10286,28,2023-09-06T11:10:51.000,41.9532811726
855,10287,36,2023-09-06T11:10:51.000,41.9526056908
856,10282,25,2023-09-06T11:10:51.000,41.9531625184
857,10263,14,2023-09-06T11:10:52.000,41.9533921986
858,10255,25,2023-09-06T11:10:52.000,41.9535105845
859,9891,29,2023-09-06T11:20:38.000,41.9519145079
860,9785,21,2023-09-06T11:20:47.000,41.9538366862
861,9633,27,2023-09-06T11:20:57.000,41.9542409021
862,9634,21,2023-09-06T11:20:57.000,41.9541531514
863,9643,25,2023-09-06T11:20:57.000,41.9540197354
864,9636,20,2023-09-06T11:20:57.000,41.9543511743
865,9638,27,2023-09-06T11:20:57.000,41.9538755379
866,9635,23,2023-09-06T11:20:57.000,41.9544240318
867,9587,31,2023-09-06T11:21:01.000,41.9521088985
868,9589,29,2023-09-06T11:21:01.000,41.9531625184
869,9590,33,2023-09-06T11:21:01.000,41.9530473793
870,9591,25,2023-09-06T11:21:01.000,41.9524069352
871,9595,25,2023-09-06T11:21:01.000,41.9527793008
872,9600,30,2023-09-06T11:21:01.000,41.9535105845
873,9594,24,2023-09-06T11:21:01.000,41.9532811726
874,9597,26,2023-09-06T11:21:01.000,41.9529189391
875,9599,25,2023-09-06T11:21:01.000,41.9533921986
876,9200,34,2023-09-06T11:30:50.000,41.9519145079
877,9090,29,2023-09-06T11:30:57.000,41.9538366862
878,9079,22,2023-09-06T11:30:57.000,41.9536492536
879,9072,27,2023-09-06T11:30:57.000,41.9537825128
880,8916,23,2023-09-06T11:31:08.000,41.9544240318
881,8915,20,2023-09-06T11:31:08.000,41.9542409021
882,8913,23,2023-09-06T11:31:08.000,41.9538755379
883,8910,21,2023-09-06T11:31:08.000,41.9543511743
884,8905,17,2023-09-06T11:31:08.000,41.9541531514
885,8855,15,2023-09-06T11:31:12.000,41.9527793008
886,8857,25,2023-09-06T11:31:12.000,41.9533921986
887,8858,24,2023-09-06T11:31:12.000,41.9526256799
888,8859,22,2023-09-06T11:31:12.000,41.9526056908
889,8862,29,2023-09-06T11:31:12.000,41.9521088985
890,8866,20,2023-09-06T11:31:12.000,41.9529189391
891,8861,20,2023-09-06T11:31:12.000,41.9535105845
892,8446,32,2023-09-06T11:40:04.000,41.9519145079
893,8329,18,2023-09-06T11:40:11.000,41.9538366862
894,8323,20,2023-09-06T11:40:11.000,41.9537825128
895,8162,20,2023-09-06T11:40:23.000,41.9543511743
896,8161,22,2023-09-06T11:40:23.000,41.9542409021
897,8159,33,2023-09-06T11:40:23.000,41.9540197354
898,8157,23,2023-09-06T11:40:23.000,41.9538755379
899,8156,19,2023-09-06T11:40:23.000,41.9541531514
900,8092,29,2023-09-06T11:40:27.000,41.9526056908
901,8098,28,2023-09-06T11:40:27.000,41.9524069352
902,8093,29,2023-09-06T11:40:27.000,41.9521088985
903,8101,16,2023-09-06T11:40:27.000,41.9529189391
904,8100,25,2023-09-06T11:40:27.000,41.9527793008
905,8105,31,2023-09-06T11:40:27.000,41.9526256799
906,8096,19,2023-09-06T11:40:27.000,41.9530473793
907,8102,16,2023-09-06T11:40:27.000,41.9531625184
908,7460,20,2023-09-06T11:50:38.000,41.9543511743
909,7459,21,2023-09-06T11:50:38.000,41.9542409021
910,7456,25,2023-09-06T11:50:38.000,41.9544240318
911,7454,20,2023-09-06T11:50:38.000,41.9541531514
912,7453,26,2023-09-06T11:50:38.000,41.9540197354
913,7452,17,2023-09-06T11:50:38.000,41.9538755379
914,7403,19,2023-09-06T11:50:44.000,41.9527793008
915,7401,29,2023-09-06T11:50:45.000,41.9529189391
916,7399,16,2023-09-06T11:50:45.000,41.9532811726
917,7395,19,2023-09-06T11:50:45.000,41.9533921986
918,7393,18,2023-09-06T11:50:45.000,41.9531625184
919,7392,18,2023-09-06T11:50:45.000,41.9530473793
920,7017,35,2023-09-06T12:01:05.000,41.9519145079
921,6899,17,2023-09-06T12:01:12.000,41.9536492536
922,6893,16,2023-09-06T12:01:12.000,41.9537825128
923,6738,13,2023-09-06T12:01:22.000,41.9544240318
924,6739,10,2023-09-06T12:01:22.000,41.9541531514
925,6703,26,2023-09-06T12:01:25.000,41.9526056908
926,6702,18,2023-09-06T12:01:25.000,41.9527793008
927,6699,16,2023-09-06T12:01:25.000,41.9532811726
928,6698,35,2023-09-06T12:01:25.000,41.9521088985
929,6696,24,2023-09-06T12:01:25.000,41.9524069352
930,6695,23,2023-09-06T12:01:26.000,41.9535105845
931,6681,27,2023-09-06T12:01:26.000,41.9533921986
932,6209,23,2023-09-06T12:10:27.000,41.9537825128
933,6200,18,2023-09-06T12:10:27.000,41.9538366862
934,6190,26,2023-09-06T12:10:27.000,41.9536492536
935,6032,25,2023-09-06T12:10:47.000,41.9538755379
936,5994,26,2023-09-06T12:10:50.000,41.9535105845
937,5992,18,2023-09-06T12:10:50.000,41.9532811726
938,5995,32,2023-09-06T12:10:50.000,41.9526256799
939,5998,22,2023-09-06T12:10:50.000,41.9521088985
940,6002,29,2023-09-06T12:10:50.000,41.9524069352
941,5997,19,2023-09-06T12:10:50.000,41.9533921986
942,5639,28,2023-09-06T12:20:38.000,41.9519145079
943,5528,21,2023-09-06T12:20:48.000,41.9538366862
944,5521,26,2023-09-06T12:20:48.000,41.9536492536
945,5360,14,2023-09-06T12:20:59.000,41.9540197354
946,5354,16,2023-09-06T12:20:59.000,41.9541531514
947,5348,20,2023-09-06T12:20:59.000,41.9538755379
948,5316,18,2023-09-06T12:21:02.000,41.9526056908
949,5315,24,2023-09-06T12:21:02.000,41.9526256799
950,5311,25,2023-09-06T12:21:02.000,41.9527793008
951,5310,29,2023-09-06T12:21:02.000,41.9529189391
952,5306,30,2023-09-06T12:21:02.000,41.9521088985
953,5304,25,2023-09-06T12:21:02.000,41.9524069352
954,5287,16,2023-09-06T12:21:03.000,41.9533921986
955,5288,28,2023-09-06T12:21:03.000,41.9532811726
956,5303,16,2023-09-06T12:21:03.000,41.9535105845
957,4933,30,2023-09-06T12:30:51.000,41.9519145079
958,4813,11,2023-09-06T12:30:58.000,41.9538366862
959,4810,12,2023-09-06T12:30:58.000,41.9537825128
960,4804,26,2023-09-06T12:30:58.000,41.9536492536
961,4643,20,2023-09-06T12:31:09.000,41.9543511743
962,4634,25,2023-09-06T12:31:09.000,41.9538755379
963,4633,10,2023-09-06T12:31:09.000,41.9541531514
964,4628,21,2023-09-06T12:31:09.000,41.9544240318
965,4626,11,2023-09-06T12:31:09.000,41.9540197354
966,4625,20,2023-09-06T12:31:09.000,41.9542409021
967,4585,22,2023-09-06T12:31:12.000,41.9527793008
968,4586,29,2023-09-06T12:31:12.000,41.9521088985
969,4588,30,2023-09-06T12:31:12.000,41.9532811726
970,4590,24,2023-09-06T12:31:12.000,41.9529189391
971,4591,23,2023-09-06T12:31:12.000,41.9526056908
972,4594,31,2023-09-06T12:31:12.000,41.9530473793
973,4595,25,2023-09-06T12:31:12.000,41.9531625184
974,4596,27,2023-09-06T12:31:12.000,41.9524069352
975,4097,23,2023-09-06T12:40:11.000,41.9536492536
976,3944,29,2023-09-06T12:40:23.000,41.9542409021
977,3941,25,2023-09-06T12:40:23.000,41.9540197354
978,3934,15,2023-09-06T12:40:23.000,41.9541531514
979,3929,14,2023-09-06T12:40:23.000,41.9538755379
980,3923,20,2023-09-06T12:40:24.000,41.9543511743
981,3919,19,2023-09-06T12:40:24.000,41.9544240318
982,3865,16,2023-09-06T12:40:27.000,41.9532811726
983,3866,25,2023-09-06T12:40:27.000,41.9527793008
984,3870,26,2023-09-06T12:40:27.000,41.9533921986
985,3871,25,2023-09-06T12:40:27.000,41.9530473793
986,3872,20,2023-09-06T12:40:27.000,41.9529189391
987,3873,22,2023-09-06T12:40:27.000,41.9531625184
988,3875,24,2023-09-06T12:40:27.000,41.9526056908
989,3881,27,2023-09-06T12:40:27.000,41.9535105845
990,3885,25,2023-09-06T12:40:27.000,41.9524069352
991,3886,27,2023-09-06T12:40:27.000,41.9526256799
992,3513,30,2023-09-06T12:50:18.000,41.9519145079
993,3400,25,2023-09-06T12:50:25.000,41.9537825128
994,3394,25,2023-09-06T12:50:25.000,41.9536492536
995,3393,25,2023-09-06T12:50:25.000,41.9538366862
996,3238,6,2023-09-06T12:50:39.000,41.9544240318
997,3237,5,2023-09-06T12:50:39.000,41.9543511743
998,3236,16,2023-09-06T12:50:39.000,41.9542409021
999,3233,19,2023-09-06T12:50:39.000,41.9538755379
1000,3231,17,2023-09-06T12:50:39.000,41.9541531514
1001,3185,20,2023-09-06T12:50:45.000,41.9530473793
1002,3186,15,2023-09-06T12:50:45.000,41.9529189391
1003,3184,32,2023-09-06T12:50:45.000,41.9524069352
1004,3189,28,2023-09-06T12:50:45.000,41.9526256799
1005,3190,29,2023-09-06T12:50:45.000,41.9526056908
1006,3191,34,2023-09-06T12:50:45.000,41.9521088985
1007,3187,19,2023-09-06T12:50:45.000,41.9533921986
1008,3171,22,2023-09-06T12:50:46.000,41.9535105845
1009,2805,33,2023-09-06T13:01:05.000,41.9519145079
1010,2696,20,2023-09-06T13:01:12.000,41.9537825128
1011,2693,22,2023-09-06T13:01:12.000,41.9538366862
1012,2523,24,2023-09-06T13:01:23.000,41.9540197354
1013,2514,20,2023-09-06T13:01:23.000,41.9538755379
1014,2511,18,2023-09-06T13:01:23.000,41.9541531514
1015,2456,21,2023-09-06T13:01:27.000,41.9533921986
1016,2458,32,2023-09-06T13:01:27.000,41.9521088985
1017,2460,21,2023-09-06T13:01:27.000,41.9529189391
1018,2459,28,2023-09-06T13:01:27.000,41.9524069352
1019,2463,15,2023-09-06T13:01:27.000,41.9531625184
1020,2467,19,2023-09-06T13:01:27.000,41.9530473793
1021,2468,16,2023-09-06T13:01:27.000,41.9532811726
1022,2462,20,2023-09-06T13:01:27.000,41.9527793008
1023,1968,18,2023-09-06T13:10:30.000,41.9537825128
1024,1961,25,2023-09-06T13:10:30.000,41.9536492536
1025,1793,25,2023-09-06T13:10:49.000,41.9538755379
1026,1790,19,2023-09-06T13:10:49.000,41.9541531514
1027,1789,16,2023-09-06T13:10:49.000,41.9543511743
1028,1787,23,2023-09-06T13:10:49.000,41.9544240318
1029,1786,24,2023-09-06T13:10:49.000,41.9540197354
1030,1785,21,2023-09-06T13:10:49.000,41.9542409021
1031,1749,27,2023-09-06T13:10:52.000,41.9524069352
1032,1729,27,2023-09-06T13:10:53.000,41.9527793008
1033,1726,22,2023-09-06T13:10:53.000,41.9533921986
1034,1731,31,2023-09-06T13:10:53.000,41.9526256799
1035,1728,22,2023-09-06T13:10:53.000,41.9531625184
1036,1736,13,2023-09-06T13:10:53.000,41.9530473793
1037,1737,29,2023-09-06T13:10:53.000,41.9526056908
1038,1741,19,2023-09-06T13:10:53.000,41.9532811726
1039,1742,27,2023-09-06T13:10:53.000,41.9529189391
1040,1734,23,2023-09-06T13:10:53.000,41.9535105845
1041,1360,31,2023-09-06T13:20:39.000,41.9519145079
1042,1255,25,2023-09-06T13:20:50.000,41.9537825128
1043,1251,20,2023-09-06T13:20:50.000,41.9536492536
1044,1250,24,2023-09-06T13:20:50.000,41.9538366862
1045,1109,22,2023-09-06T13:21:01.000,41.9538755379
1046,1103,20,2023-09-06T13:21:01.000,41.9540197354
1047,1102,20,2023-09-06T13:21:01.000,41.9544240318
1048,1100,27,2023-09-06T13:21:01.000,41.9541531514
1049,1048,29,2023-09-06T13:21:05.000,41.9530473793
1050,1051,18,2023-09-06T13:21:05.000,41.9524069352
1051,1054,31,2023-09-06T13:21:05.000,41.9521088985
1052,1049,18,2023-09-06T13:21:05.000,41.9531625184
1053,1056,18,2023-09-06T13:21:05.000,41.9535105845
1054,1058,20,2023-09-06T13:21:05.000,41.9532811726
1055,1060,25,2023-09-06T13:21:05.000,41.9526256799
1056,1055,13,2023-09-06T13:21:05.000,41.9533921986
