,index,speed,time
0,48307,31,2023-09-05T21:50:24.000
1,48274,25,2023-09-05T21:50:24.000
2,48275,18,2023-09-05T21:50:24.000
3,48277,25,2023-09-05T21:50:24.000
4,48278,27,2023-09-05T21:50:24.000
5,48279,23,2023-09-05T21:50:24.000
6,48280,28,2023-09-05T21:50:24.000
7,48281,11,2023-09-05T21:50:24.000
8,48284,25,2023-09-05T21:50:24.000
9,48285,19,2023-09-05T21:50:24.000
10,48288,27,2023-09-05T21:50:24.000
11,48289,25,2023-09-05T21:50:24.000
12,48305,31,2023-09-05T21:50:24.000
13,48291,25,2023-09-05T21:50:24.000
14,48290,30,2023-09-05T21:50:24.000
15,48302,30,2023-09-05T21:50:24.000
16,48301,23,2023-09-05T21:50:24.000
17,48299,27,2023-09-05T21:50:24.000
18,48298,28,2023-09-05T21:50:24.000
19,48304,28,2023-09-05T21:50:24.000
20,48296,27,2023-09-05T21:50:24.000
21,48294,30,2023-09-05T21:50:24.000
22,48293,28,2023-09-05T21:50:24.000
23,48292,27,2023-09-05T21:50:24.000
24,48297,16,2023-09-05T21:50:24.000
25,48270,26,2023-09-05T21:50:25.000
26,48264,19,2023-09-05T21:50:25.000
27,48263,13,2023-09-05T21:50:25.000
28,47703,23,2023-09-05T22:01:28.000
29,47698,23,2023-09-05T22:01:28.000
30,47699,25,2023-09-05T22:01:28.000
31,47700,27,2023-09-05T22:01:28.000
32,47701,25,2023-09-05T22:01:28.000
33,47702,23,2023-09-05T22:01:28.000
34,47704,25,2023-09-05T22:01:28.000
35,47710,29,2023-09-05T22:01:28.000
36,47706,27,2023-09-05T22:01:28.000
37,47708,24,2023-09-05T22:01:28.000
38,47709,30,2023-09-05T22:01:28.000
39,47711,27,2023-09-05T22:01:28.000
40,47712,25,2023-09-05T22:01:28.000
41,47713,21,2023-09-05T22:01:28.000
42,47714,26,2023-09-05T22:01:28.000
43,47705,28,2023-09-05T22:01:28.000
44,47689,20,2023-09-05T22:01:29.000
45,47685,23,2023-09-05T22:01:29.000
46,47686,28,2023-09-05T22:01:29.000
47,47687,24,2023-09-05T22:01:29.000
48,47688,25,2023-09-05T22:01:29.000
49,47690,24,2023-09-05T22:01:29.000
50,47697,33,2023-09-05T22:01:29.000
51,47692,31,2023-09-05T22:01:29.000
52,47693,23,2023-09-05T22:01:29.000
53,47694,32,2023-09-05T22:01:29.000
54,47695,30,2023-09-05T22:01:29.000
55,47696,19,2023-09-05T22:01:29.000
56,47691,23,2023-09-05T22:01:29.000
57,47126,35,2023-09-05T22:10:31.000
58,47119,27,2023-09-05T22:10:31.000
59,47113,25,2023-09-05T22:10:32.000
60,47115,29,2023-09-05T22:10:32.000
61,47114,31,2023-09-05T22:10:32.000
62,47117,23,2023-09-05T22:10:32.000
63,47118,27,2023-09-05T22:10:32.000
64,47116,27,2023-09-05T22:10:32.000
65,47100,26,2023-09-05T22:10:33.000
66,47093,15,2023-09-05T22:10:33.000
67,47094,23,2023-09-05T22:10:33.000
68,47095,23,2023-09-05T22:10:33.000
69,47096,24,2023-09-05T22:10:33.000
70,47097,26,2023-09-05T22:10:33.000
71,47098,26,2023-09-05T22:10:33.000
72,47099,14,2023-09-05T22:10:33.000
73,47101,26,2023-09-05T22:10:33.000
74,47107,18,2023-09-05T22:10:33.000
75,47103,25,2023-09-05T22:10:33.000
76,47104,25,2023-09-05T22:10:33.000
77,47105,25,2023-09-05T22:10:33.000
78,47106,26,2023-09-05T22:10:33.000
79,47112,23,2023-09-05T22:10:33.000
80,47108,21,2023-09-05T22:10:33.000
81,47109,35,2023-09-05T22:10:33.000
82,47110,27,2023-09-05T22:10:33.000
83,47111,26,2023-09-05T22:10:33.000
84,47102,24,2023-09-05T22:10:33.000
85,46534,30,2023-09-05T22:20:51.000
86,46535,31,2023-09-05T22:20:51.000
87,46536,25,2023-09-05T22:20:51.000
88,46537,29,2023-09-05T22:20:51.000
89,46538,18,2023-09-05T22:20:51.000
90,46540,19,2023-09-05T22:20:51.000
91,46543,30,2023-09-05T22:20:51.000
92,46545,26,2023-09-05T22:20:51.000
93,46546,31,2023-09-05T22:20:51.000
94,46510,24,2023-09-05T22:20:52.000
95,46511,22,2023-09-05T22:20:52.000
96,46512,25,2023-09-05T22:20:52.000
97,46513,23,2023-09-05T22:20:52.000
98,46514,23,2023-09-05T22:20:52.000
99,46515,24,2023-09-05T22:20:52.000
100,46516,20,2023-09-05T22:20:52.000
101,46517,32,2023-09-05T22:20:52.000
102,46518,27,2023-09-05T22:20:52.000
103,46523,27,2023-09-05T22:20:52.000
104,46521,23,2023-09-05T22:20:52.000
105,46522,28,2023-09-05T22:20:52.000
106,46524,23,2023-09-05T22:20:52.000
107,46525,27,2023-09-05T22:20:52.000
108,46526,25,2023-09-05T22:20:52.000
109,46527,22,2023-09-05T22:20:52.000
110,46528,25,2023-09-05T22:20:52.000
111,46529,23,2023-09-05T22:20:52.000
112,46530,20,2023-09-05T22:20:52.000
113,46520,27,2023-09-05T22:20:52.000
114,45941,40,2023-09-05T22:30:55.000
115,45940,21,2023-09-05T22:30:55.000
116,45937,27,2023-09-05T22:30:55.000
117,45935,27,2023-09-05T22:30:55.000
118,45933,25,2023-09-05T22:30:55.000
119,45926,20,2023-09-05T22:30:55.000
120,45930,21,2023-09-05T22:30:55.000
121,45928,28,2023-09-05T22:30:55.000
122,45927,28,2023-09-05T22:30:55.000
123,45942,25,2023-09-05T22:30:55.000
124,45931,25,2023-09-05T22:30:55.000
125,45943,44,2023-09-05T22:30:55.000
126,45934,21,2023-09-05T22:30:55.000
127,45946,21,2023-09-05T22:30:55.000
128,45945,24,2023-09-05T22:30:55.000
129,45958,22,2023-09-05T22:30:55.000
130,45957,27,2023-09-05T22:30:55.000
131,45956,24,2023-09-05T22:30:55.000
132,45955,28,2023-09-05T22:30:55.000
133,45954,35,2023-09-05T22:30:55.000
134,45959,31,2023-09-05T22:30:55.000
135,45952,26,2023-09-05T22:30:55.000
136,45951,22,2023-09-05T22:30:55.000
137,45950,29,2023-09-05T22:30:55.000
138,45949,25,2023-09-05T22:30:55.000
139,45948,25,2023-09-05T22:30:55.000
140,45961,30,2023-09-05T22:30:55.000
141,45364,11,2023-09-05T22:40:08.000
142,45363,5,2023-09-05T22:40:08.000
143,45361,30,2023-09-05T22:40:08.000
144,45360,24,2023-09-05T22:40:08.000
145,45357,27,2023-09-05T22:40:08.000
146,45358,22,2023-09-05T22:40:08.000
147,45356,21,2023-09-05T22:40:08.000
148,45355,26,2023-09-05T22:40:08.000
149,45365,24,2023-09-05T22:40:08.000
150,45359,26,2023-09-05T22:40:08.000
151,45366,22,2023-09-05T22:40:08.000
152,45368,23,2023-09-05T22:40:08.000
153,45381,23,2023-09-05T22:40:08.000
154,45370,21,2023-09-05T22:40:08.000
155,45371,32,2023-09-05T22:40:08.000
156,45372,29,2023-09-05T22:40:08.000
157,45374,27,2023-09-05T22:40:08.000
158,45375,23,2023-09-05T22:40:08.000
159,45376,24,2023-09-05T22:40:08.000
160,45377,22,2023-09-05T22:40:08.000
161,45378,29,2023-09-05T22:40:08.000
162,45380,29,2023-09-05T22:40:08.000
163,45367,24,2023-09-05T22:40:08.000
164,44808,26,2023-09-05T22:50:23.000
165,44807,21,2023-09-05T22:50:23.000
166,44804,27,2023-09-05T22:50:23.000
167,44803,29,2023-09-05T22:50:23.000
168,44809,21,2023-09-05T22:50:23.000
169,44801,25,2023-09-05T22:50:23.000
170,44800,25,2023-09-05T22:50:23.000
171,44799,20,2023-09-05T22:50:23.000
172,44798,25,2023-09-05T22:50:23.000
173,44802,27,2023-09-05T22:50:23.000
174,44811,27,2023-09-05T22:50:23.000
175,44829,28,2023-09-05T22:50:23.000
176,44815,18,2023-09-05T22:50:23.000
177,44830,18,2023-09-05T22:50:23.000
178,44814,31,2023-09-05T22:50:23.000
179,44823,23,2023-09-05T22:50:23.000
180,44822,35,2023-09-05T22:50:23.000
181,44828,18,2023-09-05T22:50:23.000
182,44820,23,2023-09-05T22:50:23.000
183,44819,23,2023-09-05T22:50:23.000
184,44818,24,2023-09-05T22:50:23.000
185,44817,29,2023-09-05T22:50:23.000
186,44821,25,2023-09-05T22:50:23.000
187,44263,26,2023-09-05T23:01:10.000
188,44267,29,2023-09-05T23:01:10.000
189,44266,38,2023-09-05T23:01:10.000
190,44265,14,2023-09-05T23:01:10.000
191,44264,25,2023-09-05T23:01:10.000
192,44261,26,2023-09-05T23:01:10.000
193,44255,31,2023-09-05T23:01:10.000
194,44259,27,2023-09-05T23:01:10.000
195,44258,23,2023-09-05T23:01:10.000
196,44256,31,2023-09-05T23:01:10.000
197,44254,18,2023-09-05T23:01:10.000
198,44253,20,2023-09-05T23:01:10.000
199,44268,23,2023-09-05T23:01:10.000
200,44260,24,2023-09-05T23:01:10.000
201,44269,36,2023-09-05T23:01:10.000
202,44283,29,2023-09-05T23:01:10.000
203,44271,30,2023-09-05T23:01:10.000
204,44270,24,2023-09-05T23:01:10.000
205,44287,25,2023-09-05T23:01:10.000
206,44286,29,2023-09-05T23:01:10.000
207,44285,23,2023-09-05T23:01:10.000
208,44284,29,2023-09-05T23:01:10.000
209,44280,28,2023-09-05T23:01:10.000
210,44279,31,2023-09-05T23:01:10.000
211,44277,27,2023-09-05T23:01:10.000
212,44276,35,2023-09-05T23:01:10.000
213,44275,25,2023-09-05T23:01:10.000
214,44274,26,2023-09-05T23:01:10.000
215,44273,18,2023-09-05T23:01:10.000
216,44272,25,2023-09-05T23:01:10.000
217,44278,23,2023-09-05T23:01:10.000
218,43711,27,2023-09-05T23:10:24.000
219,43709,29,2023-09-05T23:10:24.000
220,43712,26,2023-09-05T23:10:24.000
221,43722,29,2023-09-05T23:10:24.000
222,43719,27,2023-09-05T23:10:24.000
223,43721,25,2023-09-05T23:10:24.000
224,43723,27,2023-09-05T23:10:24.000
225,43715,25,2023-09-05T23:10:24.000
226,43695,20,2023-09-05T23:10:25.000
227,43686,18,2023-09-05T23:10:25.000
228,43688,33,2023-09-05T23:10:25.000
229,43689,34,2023-09-05T23:10:25.000
230,43690,23,2023-09-05T23:10:25.000
231,43692,30,2023-09-05T23:10:25.000
232,43693,27,2023-09-05T23:10:25.000
233,43694,26,2023-09-05T23:10:25.000
234,43696,29,2023-09-05T23:10:25.000
235,43705,31,2023-09-05T23:10:25.000
236,43699,27,2023-09-05T23:10:25.000
237,43698,33,2023-09-05T23:10:25.000
238,43707,28,2023-09-05T23:10:25.000
239,43706,37,2023-09-05T23:10:25.000
240,43704,27,2023-09-05T23:10:25.000
241,43708,24,2023-09-05T23:10:25.000
242,43702,38,2023-09-05T23:10:25.000
243,43701,29,2023-09-05T23:10:25.000
244,43700,36,2023-09-05T23:10:25.000
245,43703,29,2023-09-05T23:10:25.000
246,43229,29,2023-09-05T23:20:38.000
247,43220,31,2023-09-05T23:20:38.000
248,43221,31,2023-09-05T23:20:38.000
249,43223,31,2023-09-05T23:20:38.000
250,43224,27,2023-09-05T23:20:38.000
251,43225,29,2023-09-05T23:20:38.000
252,43227,28,2023-09-05T23:20:38.000
253,43231,33,2023-09-05T23:20:38.000
254,43241,25,2023-09-05T23:20:38.000
255,43235,30,2023-09-05T23:20:38.000
256,43246,29,2023-09-05T23:20:38.000
257,43245,25,2023-09-05T23:20:38.000
258,43242,29,2023-09-05T23:20:38.000
259,43234,31,2023-09-05T23:20:38.000
260,43237,30,2023-09-05T23:20:38.000
261,43236,25,2023-09-05T23:20:38.000
262,43247,22,2023-09-05T23:20:38.000
263,42913,27,2023-09-06T01:10:17.000
264,42916,28,2023-09-06T01:10:17.000
265,42917,30,2023-09-06T01:10:17.000
266,42918,27,2023-09-06T01:10:17.000
267,42920,27,2023-09-06T01:10:17.000
268,42919,32,2023-09-06T01:10:17.000
269,42926,10,2023-09-06T01:10:17.000
270,42928,27,2023-09-06T01:10:17.000
271,42930,29,2023-09-06T01:10:17.000
272,42931,29,2023-09-06T01:10:17.000
273,42932,25,2023-09-06T01:10:17.000
274,42934,27,2023-09-06T01:10:17.000
275,42922,30,2023-09-06T01:10:17.000
276,42692,29,2023-09-06T01:20:37.000
277,42661,28,2023-09-06T01:20:38.000
278,42658,29,2023-09-06T01:20:38.000
279,42659,22,2023-09-06T01:20:38.000
280,42660,29,2023-09-06T01:20:38.000
281,42662,23,2023-09-06T01:20:38.000
282,42666,27,2023-09-06T01:20:38.000
283,42668,29,2023-09-06T01:20:38.000
284,42675,25,2023-09-06T01:20:38.000
285,42678,24,2023-09-06T01:20:38.000
286,42680,25,2023-09-06T01:20:38.000
287,42681,23,2023-09-06T01:20:38.000
288,42683,27,2023-09-06T01:20:38.000
289,42667,33,2023-09-06T01:20:38.000
290,42411,28,2023-09-06T01:30:50.000
291,42390,24,2023-09-06T01:30:50.000
292,42391,23,2023-09-06T01:30:50.000
293,42398,27,2023-09-06T01:30:50.000
294,42399,23,2023-09-06T01:30:50.000
295,42420,21,2023-09-06T01:30:50.000
296,42415,23,2023-09-06T01:30:50.000
297,42422,30,2023-09-06T01:30:50.000
298,42428,27,2023-09-06T01:30:50.000
299,42431,30,2023-09-06T01:30:50.000
300,42402,26,2023-09-06T01:30:50.000
301,42163,27,2023-09-06T01:40:02.000
302,42155,30,2023-09-06T01:40:02.000
303,42168,27,2023-09-06T01:40:02.000
304,42144,17,2023-09-06T01:40:02.000
305,42153,27,2023-09-06T01:40:02.000
306,42169,26,2023-09-06T01:40:02.000
307,42152,24,2023-09-06T01:40:02.000
308,42171,22,2023-09-06T01:40:02.000
309,42172,27,2023-09-06T01:40:02.000
310,42173,30,2023-09-06T01:40:02.000
311,42175,23,2023-09-06T01:40:02.000
312,42170,31,2023-09-06T01:40:02.000
313,42185,20,2023-09-06T01:40:02.000
314,42186,27,2023-09-06T01:40:02.000
315,41884,27,2023-09-06T01:50:16.000
316,41885,23,2023-09-06T01:50:16.000
317,41887,22,2023-09-06T01:50:16.000
318,41888,30,2023-09-06T01:50:16.000
319,41895,27,2023-09-06T01:50:16.000
320,41910,24,2023-09-06T01:50:16.000
321,41933,29,2023-09-06T01:50:16.000
322,41923,26,2023-09-06T01:50:16.000
323,41924,24,2023-09-06T01:50:16.000
324,41931,29,2023-09-06T01:50:16.000
325,41932,22,2023-09-06T01:50:16.000
326,41939,27,2023-09-06T01:50:16.000
327,41921,27,2023-09-06T01:50:16.000
328,41661,26,2023-09-06T02:01:07.000
329,41664,26,2023-09-06T02:01:07.000
330,41665,25,2023-09-06T02:01:07.000
331,41668,29,2023-09-06T02:01:07.000
332,41669,30,2023-09-06T02:01:07.000
333,41671,30,2023-09-06T02:01:07.000
334,41676,27,2023-09-06T02:01:07.000
335,41678,24,2023-09-06T02:01:07.000
336,41683,23,2023-09-06T02:01:07.000
337,41686,26,2023-09-06T02:01:07.000
338,41687,28,2023-09-06T02:01:07.000
339,41498,25,2023-09-06T02:10:16.000
340,41499,28,2023-09-06T02:10:16.000
341,41500,35,2023-09-06T02:10:16.000
342,41508,27,2023-09-06T02:10:16.000
343,41509,27,2023-09-06T02:10:16.000
344,41504,26,2023-09-06T02:10:16.000
345,41517,29,2023-09-06T02:10:16.000
346,41512,31,2023-09-06T02:10:16.000
347,41534,27,2023-09-06T02:10:16.000
348,41527,27,2023-09-06T02:10:16.000
349,41525,25,2023-09-06T02:10:16.000
350,41521,30,2023-09-06T02:10:16.000
351,41349,30,2023-09-06T02:20:35.000
352,41351,30,2023-09-06T02:20:35.000
353,41352,33,2023-09-06T02:20:35.000
354,41359,33,2023-09-06T02:20:35.000
355,41371,23,2023-09-06T02:20:35.000
356,41369,26,2023-09-06T02:20:35.000
357,41374,24,2023-09-06T02:20:35.000
358,41376,25,2023-09-06T02:20:35.000
359,41377,28,2023-09-06T02:20:35.000
360,41378,33,2023-09-06T02:20:35.000
361,41379,33,2023-09-06T02:20:35.000
362,41380,30,2023-09-06T02:20:35.000
363,41373,27,2023-09-06T02:20:35.000
364,41372,29,2023-09-06T02:20:35.000
365,41197,30,2023-09-06T02:30:49.000
366,41174,30,2023-09-06T02:30:49.000
367,41175,18,2023-09-06T02:30:49.000
368,41184,33,2023-09-06T02:30:49.000
369,41191,25,2023-09-06T02:30:49.000
370,41192,30,2023-09-06T02:30:49.000
371,41205,30,2023-09-06T02:30:49.000
372,41210,30,2023-09-06T02:30:49.000
373,41211,30,2023-09-06T02:30:49.000
374,41217,26,2023-09-06T02:30:49.000
375,41221,27,2023-09-06T02:30:49.000
376,41226,26,2023-09-06T02:30:49.000
377,41227,27,2023-09-06T02:30:49.000
378,41204,32,2023-09-06T02:30:49.000
379,41044,21,2023-09-06T02:40:01.000
380,41045,30,2023-09-06T02:40:01.000
381,41048,26,2023-09-06T02:40:01.000
382,41051,26,2023-09-06T02:40:01.000
383,41053,23,2023-09-06T02:40:01.000
384,41059,25,2023-09-06T02:40:01.000
385,41063,26,2023-09-06T02:40:01.000
386,41068,22,2023-09-06T02:40:01.000
387,41071,23,2023-09-06T02:40:01.000
388,41075,23,2023-09-06T02:40:01.000
389,41078,27,2023-09-06T02:40:01.000
390,41083,28,2023-09-06T02:40:01.000
391,41060,25,2023-09-06T02:40:01.000
392,40907,28,2023-09-06T02:50:16.000
393,40899,22,2023-09-06T02:50:16.000
394,40901,25,2023-09-06T02:50:16.000
395,40904,29,2023-09-06T02:50:16.000
396,40905,24,2023-09-06T02:50:16.000
397,40906,28,2023-09-06T02:50:16.000
398,40914,29,2023-09-06T02:50:16.000
399,40903,29,2023-09-06T02:50:16.000
400,40926,22,2023-09-06T02:50:16.000
401,40927,27,2023-09-06T02:50:16.000
402,40932,30,2023-09-06T02:50:16.000
403,40933,29,2023-09-06T02:50:16.000
404,40943,23,2023-09-06T02:50:16.000
405,40937,24,2023-09-06T02:50:16.000
406,40939,27,2023-09-06T02:50:16.000
407,40916,24,2023-09-06T02:50:16.000
408,40761,31,2023-09-06T03:01:03.000
409,40771,26,2023-09-06T03:01:03.000
410,40775,30,2023-09-06T03:01:03.000
411,40783,26,2023-09-06T03:01:03.000
412,40793,25,2023-09-06T03:01:03.000
413,40804,24,2023-09-06T03:01:03.000
414,40805,24,2023-09-06T03:01:03.000
415,40808,27,2023-09-06T03:01:03.000
416,40810,30,2023-09-06T03:01:03.000
417,40813,25,2023-09-06T03:01:03.000
418,40801,29,2023-09-06T03:01:03.000
419,40638,27,2023-09-06T03:10:16.000
420,40631,24,2023-09-06T03:10:16.000
421,40633,34,2023-09-06T03:10:16.000
422,40634,27,2023-09-06T03:10:16.000
423,40642,27,2023-09-06T03:10:16.000
424,40656,22,2023-09-06T03:10:16.000
425,40645,33,2023-09-06T03:10:16.000
426,40649,30,2023-09-06T03:10:16.000
427,40654,32,2023-09-06T03:10:16.000
428,40655,25,2023-09-06T03:10:16.000
429,40643,31,2023-09-06T03:10:16.000
430,40536,34,2023-09-06T03:20:35.000
431,40525,33,2023-09-06T03:20:35.000
432,40527,38,2023-09-06T03:20:35.000
433,40529,39,2023-09-06T03:20:35.000
434,40533,25,2023-09-06T03:20:35.000
435,40535,23,2023-09-06T03:20:35.000
436,40538,35,2023-09-06T03:20:35.000
437,40553,25,2023-09-06T03:20:35.000
438,40542,26,2023-09-06T03:20:35.000
439,40544,30,2023-09-06T03:20:35.000
440,40545,26,2023-09-06T03:20:35.000
441,40549,31,2023-09-06T03:20:35.000
442,40550,37,2023-09-06T03:20:35.000
443,40551,27,2023-09-06T03:20:35.000
444,40541,31,2023-09-06T03:20:35.000
445,40378,21,2023-09-06T03:30:49.000
446,40388,26,2023-09-06T03:30:49.000
447,40390,33,2023-09-06T03:30:49.000
448,40394,36,2023-09-06T03:30:49.000
449,40403,30,2023-09-06T03:30:49.000
450,40405,9,2023-09-06T03:30:49.000
451,40406,30,2023-09-06T03:30:49.000
452,40416,27,2023-09-06T03:30:49.000
453,40417,22,2023-09-06T03:30:49.000
454,40192,30,2023-09-06T03:40:02.000
455,40195,28,2023-09-06T03:40:02.000
456,40197,27,2023-09-06T03:40:02.000
457,40201,29,2023-09-06T03:40:02.000
458,40205,38,2023-09-06T03:40:02.000
459,40196,31,2023-09-06T03:40:02.000
460,40208,34,2023-09-06T03:40:02.000
461,40213,27,2023-09-06T03:40:02.000
462,40215,29,2023-09-06T03:40:02.000
463,40221,37,2023-09-06T03:40:02.000
464,40222,25,2023-09-06T03:40:02.000
465,40206,27,2023-09-06T03:40:02.000
466,40029,25,2023-09-06T03:50:17.000
467,40031,30,2023-09-06T03:50:17.000
468,40035,31,2023-09-06T03:50:17.000
469,40040,32,2023-09-06T03:50:17.000
470,40041,33,2023-09-06T03:50:17.000
471,40042,24,2023-09-06T03:50:17.000
472,40043,34,2023-09-06T03:50:17.000
473,40046,25,2023-09-06T03:50:17.000
474,40049,29,2023-09-06T03:50:17.000
475,40050,35,2023-09-06T03:50:17.000
476,40051,22,2023-09-06T03:50:17.000
477,40053,36,2023-09-06T03:50:17.000
478,40055,30,2023-09-06T03:50:17.000
479,40065,32,2023-09-06T03:50:17.000
480,40067,35,2023-09-06T03:50:17.000
481,40047,27,2023-09-06T03:50:17.000
482,39819,34,2023-09-06T04:01:04.000
483,39825,30,2023-09-06T04:01:04.000
484,39826,27,2023-09-06T04:01:04.000
485,39832,34,2023-09-06T04:01:04.000
486,39836,30,2023-09-06T04:01:04.000
487,39828,31,2023-09-06T04:01:04.000
488,39849,26,2023-09-06T04:01:04.000
489,39843,29,2023-09-06T04:01:04.000
490,39862,36,2023-09-06T04:01:04.000
491,39857,30,2023-09-06T04:01:04.000
492,39853,20,2023-09-06T04:01:04.000
493,39850,27,2023-09-06T04:01:04.000
494,39854,35,2023-09-06T04:01:04.000
495,39603,25,2023-09-06T04:10:17.000
496,39599,26,2023-09-06T04:10:17.000
497,39584,28,2023-09-06T04:10:17.000
498,39583,25,2023-09-06T04:10:17.000
499,39577,26,2023-09-06T04:10:17.000
500,39301,31,2023-09-06T04:20:38.000
501,39302,30,2023-09-06T04:20:38.000
502,39303,27,2023-09-06T04:20:38.000
503,39306,24,2023-09-06T04:20:38.000
504,39314,25,2023-09-06T04:20:38.000
505,39317,20,2023-09-06T04:20:38.000
506,39319,29,2023-09-06T04:20:38.000
507,39321,29,2023-09-06T04:20:38.000
508,39311,25,2023-09-06T04:20:38.000
509,39289,25,2023-09-06T04:20:39.000
510,39287,24,2023-09-06T04:20:39.000
511,39293,27,2023-09-06T04:20:39.000
512,39300,34,2023-09-06T04:20:39.000
513,39298,31,2023-09-06T04:20:39.000
514,39299,18,2023-09-06T04:20:39.000
515,39296,28,2023-09-06T04:20:39.000
516,38959,39,2023-09-06T04:30:51.000
517,38919,33,2023-09-06T04:30:52.000
518,38907,31,2023-09-06T04:30:52.000
519,38912,35,2023-09-06T04:30:52.000
520,38915,27,2023-09-06T04:30:52.000
521,38916,24,2023-09-06T04:30:52.000
522,38918,29,2023-09-06T04:30:52.000
523,38920,29,2023-09-06T04:30:52.000
524,38924,29,2023-09-06T04:30:52.000
525,38925,25,2023-09-06T04:30:52.000
526,38926,22,2023-09-06T04:30:52.000
527,38927,29,2023-09-06T04:30:52.000
528,38928,27,2023-09-06T04:30:52.000
529,38929,27,2023-09-06T04:30:52.000
530,38930,0,2023-09-06T04:30:52.000
531,38935,20,2023-09-06T04:30:52.000
532,38923,33,2023-09-06T04:30:52.000
533,38547,0,2023-09-06T04:40:05.000
534,38539,20,2023-09-06T04:40:05.000
535,38540,18,2023-09-06T04:40:05.000
536,38541,23,2023-09-06T04:40:05.000
537,38542,29,2023-09-06T04:40:05.000
538,38543,28,2023-09-06T04:40:05.000
539,38544,26,2023-09-06T04:40:05.000
540,38551,15,2023-09-06T04:40:05.000
541,38548,25,2023-09-06T04:40:05.000
542,38554,29,2023-09-06T04:40:05.000
543,38555,19,2023-09-06T04:40:05.000
544,38557,25,2023-09-06T04:40:05.000
545,38558,27,2023-09-06T04:40:05.000
546,38560,17,2023-09-06T04:40:05.000
547,38546,27,2023-09-06T04:40:05.000
548,38134,31,2023-09-06T04:50:20.000
549,38132,24,2023-09-06T04:50:20.000
550,38135,31,2023-09-06T04:50:20.000
551,38130,27,2023-09-06T04:50:20.000
552,38128,19,2023-09-06T04:50:20.000
553,38131,29,2023-09-06T04:50:20.000
554,38139,28,2023-09-06T04:50:20.000
555,38141,24,2023-09-06T04:50:20.000
556,38142,25,2023-09-06T04:50:20.000
557,38143,24,2023-09-06T04:50:20.000
558,38145,31,2023-09-06T04:50:20.000
559,38146,28,2023-09-06T04:50:20.000
560,38147,22,2023-09-06T04:50:20.000
561,38140,31,2023-09-06T04:50:20.000
562,38148,27,2023-09-06T04:50:20.000
563,37712,29,2023-09-06T05:01:08.000
564,37714,22,2023-09-06T05:01:08.000
565,37715,23,2023-09-06T05:01:08.000
566,37716,30,2023-09-06T05:01:08.000
567,37717,22,2023-09-06T05:01:08.000
568,37718,25,2023-09-06T05:01:08.000
569,37721,24,2023-09-06T05:01:08.000
570,37722,23,2023-09-06T05:01:08.000
571,37724,34,2023-09-06T05:01:08.000
572,37723,23,2023-09-06T05:01:08.000
573,37726,29,2023-09-06T05:01:08.000
574,37727,35,2023-09-06T05:01:08.000
575,37729,26,2023-09-06T05:01:08.000
576,37730,29,2023-09-06T05:01:08.000
577,37731,33,2023-09-06T05:01:08.000
578,37732,30,2023-09-06T05:01:08.000
579,37733,32,2023-09-06T05:01:08.000
580,37734,31,2023-09-06T05:01:08.000
581,37735,23,2023-09-06T05:01:08.000
582,37725,28,2023-09-06T05:01:08.000
583,37737,28,2023-09-06T05:01:08.000
584,37225,17,2023-09-06T05:10:22.000
585,37224,24,2023-09-06T05:10:22.000
586,37223,23,2023-09-06T05:10:22.000
587,37222,24,2023-09-06T05:10:22.000
588,37218,26,2023-09-06T05:10:22.000
589,37220,20,2023-09-06T05:10:22.000
590,37219,33,2023-09-06T05:10:22.000
591,37227,26,2023-09-06T05:10:22.000
592,37221,30,2023-09-06T05:10:22.000
593,37228,30,2023-09-06T05:10:22.000
594,37237,21,2023-09-06T05:10:22.000
595,37230,30,2023-09-06T05:10:22.000
596,37231,28,2023-09-06T05:10:22.000
597,37232,27,2023-09-06T05:10:22.000
598,37233,31,2023-09-06T05:10:22.000
599,37234,25,2023-09-06T05:10:22.000
600,37235,30,2023-09-06T05:10:22.000
601,37236,25,2023-09-06T05:10:22.000
602,37238,27,2023-09-06T05:10:22.000
603,37239,17,2023-09-06T05:10:22.000
604,37229,25,2023-09-06T05:10:22.000
605,36695,26,2023-09-06T05:20:45.000
606,36697,31,2023-09-06T05:20:45.000
607,36696,24,2023-09-06T05:20:45.000
608,36694,27,2023-09-06T05:20:45.000
609,36698,27,2023-09-06T05:20:45.000
610,36691,18,2023-09-06T05:20:45.000
611,36689,22,2023-09-06T05:20:45.000
612,36688,29,2023-09-06T05:20:45.000
613,36692,27,2023-09-06T05:20:45.000
614,36699,23,2023-09-06T05:20:45.000
615,36702,23,2023-09-06T05:20:45.000
616,36706,28,2023-09-06T05:20:45.000
617,36703,21,2023-09-06T05:20:45.000
618,36705,15,2023-09-06T05:20:45.000
619,36713,22,2023-09-06T05:20:45.000
620,36708,30,2023-09-06T05:20:45.000
621,36709,27,2023-09-06T05:20:45.000
622,36710,33,2023-09-06T05:20:45.000
623,36711,27,2023-09-06T05:20:45.000
624,36712,20,2023-09-06T05:20:45.000
625,36701,33,2023-09-06T05:20:45.000
626,36138,20,2023-09-06T05:30:56.000
627,36137,30,2023-09-06T05:30:56.000
628,36136,31,2023-09-06T05:30:56.000
629,36135,31,2023-09-06T05:30:56.000
630,36130,22,2023-09-06T05:30:56.000
631,36133,25,2023-09-06T05:30:56.000
632,36132,24,2023-09-06T05:30:56.000
633,36131,27,2023-09-06T05:30:56.000
634,36140,25,2023-09-06T05:30:56.000
635,36134,27,2023-09-06T05:30:56.000
636,36143,26,2023-09-06T05:30:56.000
637,36141,23,2023-09-06T05:30:56.000
638,36145,27,2023-09-06T05:30:56.000
639,36163,22,2023-09-06T05:30:56.000
640,36144,26,2023-09-06T05:30:56.000
641,36160,23,2023-09-06T05:30:56.000
642,36159,29,2023-09-06T05:30:56.000
643,36158,31,2023-09-06T05:30:56.000
644,36156,23,2023-09-06T05:30:56.000
645,36157,25,2023-09-06T05:30:56.000
646,36154,24,2023-09-06T05:30:56.000
647,36153,23,2023-09-06T05:30:56.000
648,36152,31,2023-09-06T05:30:56.000
649,36146,28,2023-09-06T05:30:56.000
650,36155,25,2023-09-06T05:30:56.000
651,35528,26,2023-09-06T05:40:09.000
652,35531,30,2023-09-06T05:40:09.000
653,35530,29,2023-09-06T05:40:09.000
654,35532,31,2023-09-06T05:40:09.000
655,35527,24,2023-09-06T05:40:09.000
656,35521,12,2023-09-06T05:40:09.000
657,35525,24,2023-09-06T05:40:09.000
658,35523,25,2023-09-06T05:40:09.000
659,35522,19,2023-09-06T05:40:09.000
660,35534,23,2023-09-06T05:40:09.000
661,35526,20,2023-09-06T05:40:09.000
662,35535,20,2023-09-06T05:40:09.000
663,35524,20,2023-09-06T05:40:09.000
664,35537,33,2023-09-06T05:40:09.000
665,35536,19,2023-09-06T05:40:09.000
666,35549,25,2023-09-06T05:40:09.000
667,35548,27,2023-09-06T05:40:09.000
668,35547,23,2023-09-06T05:40:09.000
669,35546,27,2023-09-06T05:40:09.000
670,35550,32,2023-09-06T05:40:09.000
671,35544,23,2023-09-06T05:40:09.000
672,35545,26,2023-09-06T05:40:09.000
673,35540,27,2023-09-06T05:40:09.000
674,35538,25,2023-09-06T05:40:09.000
675,35543,30,2023-09-06T05:40:09.000
676,35542,21,2023-09-06T05:40:09.000
677,34879,28,2023-09-06T05:50:24.000
678,34867,27,2023-09-06T05:50:24.000
679,34868,29,2023-09-06T05:50:24.000
680,34869,27,2023-09-06T05:50:24.000
681,34872,24,2023-09-06T05:50:24.000
682,34873,25,2023-09-06T05:50:24.000
683,34874,22,2023-09-06T05:50:24.000
684,34875,27,2023-09-06T05:50:24.000
685,34877,25,2023-09-06T05:50:24.000
686,34878,23,2023-09-06T05:50:24.000
687,34880,23,2023-09-06T05:50:24.000
688,34870,30,2023-09-06T05:50:24.000
689,34883,26,2023-09-06T05:50:24.000
690,34882,25,2023-09-06T05:50:24.000
691,34896,23,2023-09-06T05:50:24.000
692,34895,22,2023-09-06T05:50:24.000
693,34894,23,2023-09-06T05:50:24.000
694,34893,26,2023-09-06T05:50:24.000
695,34897,29,2023-09-06T05:50:24.000
696,34889,24,2023-09-06T05:50:24.000
697,34887,24,2023-09-06T05:50:24.000
698,34886,26,2023-09-06T05:50:24.000
699,34884,27,2023-09-06T05:50:24.000
700,34891,20,2023-09-06T05:50:24.000
701,34244,27,2023-09-06T06:01:13.000
702,34245,34,2023-09-06T06:01:13.000
703,34246,27,2023-09-06T06:01:13.000
704,34247,29,2023-09-06T06:01:13.000
705,34248,20,2023-09-06T06:01:13.000
706,34250,29,2023-09-06T06:01:13.000
707,34251,19,2023-09-06T06:01:13.000
708,34252,30,2023-09-06T06:01:13.000
709,34253,26,2023-09-06T06:01:13.000
710,34255,25,2023-09-06T06:01:13.000
711,34257,18,2023-09-06T06:01:13.000
712,34258,31,2023-09-06T06:01:13.000
713,34259,35,2023-09-06T06:01:13.000
714,34260,24,2023-09-06T06:01:13.000
715,34262,19,2023-09-06T06:01:13.000
716,34263,25,2023-09-06T06:01:13.000
717,34264,20,2023-09-06T06:01:13.000
718,34266,24,2023-09-06T06:01:13.000
719,34254,30,2023-09-06T06:01:13.000
720,33545,29,2023-09-06T06:10:30.000
721,33546,29,2023-09-06T06:10:30.000
722,33547,21,2023-09-06T06:10:30.000
723,33555,23,2023-09-06T06:10:30.000
724,33552,30,2023-09-06T06:10:30.000
725,33553,24,2023-09-06T06:10:30.000
726,33548,27,2023-09-06T06:10:30.000
727,33532,10,2023-09-06T06:10:31.000
728,33533,26,2023-09-06T06:10:31.000
729,33540,29,2023-09-06T06:10:31.000
730,33530,27,2023-09-06T06:10:31.000
731,33534,24,2023-09-06T06:10:31.000
732,33531,23,2023-09-06T06:10:31.000
733,33535,23,2023-09-06T06:10:31.000
734,33542,25,2023-09-06T06:10:31.000
735,33537,26,2023-09-06T06:10:31.000
736,33538,22,2023-09-06T06:10:31.000
737,33539,27,2023-09-06T06:10:31.000
738,33541,27,2023-09-06T06:10:31.000
739,33543,22,2023-09-06T06:10:31.000
740,33544,23,2023-09-06T06:10:31.000
741,33536,21,2023-09-06T06:10:31.000
742,32850,25,2023-09-06T06:20:51.000
743,32849,16,2023-09-06T06:20:51.000
744,32848,27,2023-09-06T06:20:51.000
745,32846,33,2023-09-06T06:20:51.000
746,32845,22,2023-09-06T06:20:51.000
747,32842,26,2023-09-06T06:20:51.000
748,32843,23,2023-09-06T06:20:51.000
749,32852,24,2023-09-06T06:20:51.000
750,32841,25,2023-09-06T06:20:51.000
751,32840,26,2023-09-06T06:20:51.000
752,32844,27,2023-09-06T06:20:51.000
753,32853,22,2023-09-06T06:20:51.000
754,32847,25,2023-09-06T06:20:51.000
755,32855,23,2023-09-06T06:20:51.000
756,32856,25,2023-09-06T06:20:51.000
757,32857,23,2023-09-06T06:20:51.000
758,32858,23,2023-09-06T06:20:51.000
759,32866,22,2023-09-06T06:20:51.000
760,32859,31,2023-09-06T06:20:51.000
761,32860,25,2023-09-06T06:20:51.000
762,32861,28,2023-09-06T06:20:51.000
763,32862,27,2023-09-06T06:20:51.000
764,32863,28,2023-09-06T06:20:51.000
765,32864,23,2023-09-06T06:20:51.000
766,32865,29,2023-09-06T06:20:51.000
767,32854,25,2023-09-06T06:20:51.000
768,32109,18,2023-09-06T06:31:01.000
769,32115,27,2023-09-06T06:31:01.000
770,32113,25,2023-09-06T06:31:01.000
771,32087,25,2023-09-06T06:31:02.000
772,32074,21,2023-09-06T06:31:02.000
773,32075,23,2023-09-06T06:31:02.000
774,32076,20,2023-09-06T06:31:02.000
775,32078,28,2023-09-06T06:31:02.000
776,32079,27,2023-09-06T06:31:02.000
777,32080,20,2023-09-06T06:31:02.000
778,32081,24,2023-09-06T06:31:02.000
779,32082,25,2023-09-06T06:31:02.000
780,32083,25,2023-09-06T06:31:02.000
781,32085,26,2023-09-06T06:31:02.000
782,32086,22,2023-09-06T06:31:02.000
783,32088,15,2023-09-06T06:31:02.000
784,32077,25,2023-09-06T06:31:02.000
785,32090,25,2023-09-06T06:31:02.000
786,32102,27,2023-09-06T06:31:02.000
787,32101,23,2023-09-06T06:31:02.000
788,32100,24,2023-09-06T06:31:02.000
789,32103,22,2023-09-06T06:31:02.000
790,32099,19,2023-09-06T06:31:02.000
791,32098,20,2023-09-06T06:31:02.000
792,32089,30,2023-09-06T06:31:02.000
793,32096,18,2023-09-06T06:31:02.000
794,32095,25,2023-09-06T06:31:02.000
795,32094,33,2023-09-06T06:31:02.000
796,32093,27,2023-09-06T06:31:02.000
797,32092,22,2023-09-06T06:31:02.000
798,32091,29,2023-09-06T06:31:02.000
799,32097,25,2023-09-06T06:31:02.000
800,31308,25,2023-09-06T06:40:18.000
801,31313,27,2023-09-06T06:40:18.000
802,31314,31,2023-09-06T06:40:18.000
803,31310,29,2023-09-06T06:40:18.000
804,31318,24,2023-09-06T06:40:18.000
805,31320,19,2023-09-06T06:40:18.000
806,31321,30,2023-09-06T06:40:18.000
807,31322,27,2023-09-06T06:40:18.000
808,31316,20,2023-09-06T06:40:18.000
809,31291,21,2023-09-06T06:40:19.000
810,31290,30,2023-09-06T06:40:19.000
811,31289,25,2023-09-06T06:40:19.000
812,31287,23,2023-09-06T06:40:19.000
813,31286,27,2023-09-06T06:40:19.000
814,31292,29,2023-09-06T06:40:19.000
815,31283,25,2023-09-06T06:40:19.000
816,31282,27,2023-09-06T06:40:19.000
817,31281,20,2023-09-06T06:40:19.000
818,31280,22,2023-09-06T06:40:19.000
819,31285,23,2023-09-06T06:40:19.000
820,31284,26,2023-09-06T06:40:19.000
821,31294,25,2023-09-06T06:40:19.000
822,31295,18,2023-09-06T06:40:19.000
823,31293,16,2023-09-06T06:40:19.000
824,31306,27,2023-09-06T06:40:19.000
825,31305,25,2023-09-06T06:40:19.000
826,31303,20,2023-09-06T06:40:19.000
827,31302,23,2023-09-06T06:40:19.000
828,31304,23,2023-09-06T06:40:19.000
829,31300,32,2023-09-06T06:40:19.000
830,31299,24,2023-09-06T06:40:19.000
831,31298,15,2023-09-06T06:40:19.000
832,31297,23,2023-09-06T06:40:19.000
833,31296,26,2023-09-06T06:40:19.000
834,31301,27,2023-09-06T06:40:19.000
835,30529,29,2023-09-06T06:50:30.000
836,30521,24,2023-09-06T06:50:30.000
837,30524,28,2023-09-06T06:50:30.000
838,30525,32,2023-09-06T06:50:30.000
839,30526,25,2023-09-06T06:50:30.000
840,30530,35,2023-09-06T06:50:30.000
841,30533,27,2023-09-06T06:50:30.000
842,30532,24,2023-09-06T06:50:30.000
843,30534,31,2023-09-06T06:50:30.000
844,30535,23,2023-09-06T06:50:30.000
845,30536,25,2023-09-06T06:50:30.000
846,30537,25,2023-09-06T06:50:30.000
847,30531,21,2023-09-06T06:50:30.000
848,30503,15,2023-09-06T06:50:31.000
849,30504,19,2023-09-06T06:50:31.000
850,30505,23,2023-09-06T06:50:31.000
851,30506,20,2023-09-06T06:50:31.000
852,30509,18,2023-09-06T06:50:31.000
853,30507,29,2023-09-06T06:50:31.000
854,30508,28,2023-09-06T06:50:31.000
855,30510,19,2023-09-06T06:50:31.000
856,30516,27,2023-09-06T06:50:31.000
857,30512,29,2023-09-06T06:50:31.000
858,30520,28,2023-09-06T06:50:31.000
859,30519,20,2023-09-06T06:50:31.000
860,30518,32,2023-09-06T06:50:31.000
861,30511,30,2023-09-06T06:50:31.000
862,30515,20,2023-09-06T06:50:31.000
863,30514,25,2023-09-06T06:50:31.000
864,30513,23,2023-09-06T06:50:31.000
865,30517,17,2023-09-06T06:50:31.000
866,29740,28,2023-09-06T07:01:19.000
867,29733,26,2023-09-06T07:01:19.000
868,29734,20,2023-09-06T07:01:19.000
869,29735,10,2023-09-06T07:01:19.000
870,29736,30,2023-09-06T07:01:19.000
871,29737,20,2023-09-06T07:01:19.000
872,29739,29,2023-09-06T07:01:19.000
873,29741,21,2023-09-06T07:01:19.000
874,29743,22,2023-09-06T07:01:19.000
875,29745,23,2023-09-06T07:01:19.000
876,29747,32,2023-09-06T07:01:19.000
877,29748,16,2023-09-06T07:01:19.000
878,29749,25,2023-09-06T07:01:19.000
879,29750,28,2023-09-06T07:01:19.000
880,29753,31,2023-09-06T07:01:19.000
881,29754,20,2023-09-06T07:01:19.000
882,29742,22,2023-09-06T07:01:19.000
883,29722,18,2023-09-06T07:01:20.000
884,29718,21,2023-09-06T07:01:20.000
885,29719,21,2023-09-06T07:01:20.000
886,29720,29,2023-09-06T07:01:20.000
887,29721,19,2023-09-06T07:01:20.000
888,29723,18,2023-09-06T07:01:20.000
889,29729,18,2023-09-06T07:01:20.000
890,29725,27,2023-09-06T07:01:20.000
891,29726,12,2023-09-06T07:01:20.000
892,29727,25,2023-09-06T07:01:20.000
893,29730,26,2023-09-06T07:01:20.000
894,29731,26,2023-09-06T07:01:20.000
895,29732,22,2023-09-06T07:01:20.000
896,29724,27,2023-09-06T07:01:20.000
897,28949,34,2023-09-06T07:10:42.000
898,28951,28,2023-09-06T07:10:42.000
899,28950,14,2023-09-06T07:10:42.000
900,28954,27,2023-09-06T07:10:42.000
901,28956,24,2023-09-06T07:10:42.000
902,28957,23,2023-09-06T07:10:42.000
903,28952,21,2023-09-06T07:10:42.000
904,28927,26,2023-09-06T07:10:43.000
905,28928,27,2023-09-06T07:10:43.000
906,28929,27,2023-09-06T07:10:43.000
907,28930,24,2023-09-06T07:10:43.000
908,28931,20,2023-09-06T07:10:43.000
909,28932,25,2023-09-06T07:10:43.000
910,28933,16,2023-09-06T07:10:43.000
911,28934,28,2023-09-06T07:10:43.000
912,28935,24,2023-09-06T07:10:43.000
913,28936,20,2023-09-06T07:10:43.000
914,28939,29,2023-09-06T07:10:43.000
915,28938,23,2023-09-06T07:10:43.000
916,28937,23,2023-09-06T07:10:43.000
917,28947,19,2023-09-06T07:10:43.000
918,28946,27,2023-09-06T07:10:43.000
919,28945,30,2023-09-06T07:10:43.000
920,28948,25,2023-09-06T07:10:43.000
921,28943,29,2023-09-06T07:10:43.000
922,28942,27,2023-09-06T07:10:43.000
923,28941,26,2023-09-06T07:10:43.000
924,28940,33,2023-09-06T07:10:43.000
925,28944,27,2023-09-06T07:10:43.000
926,28926,29,2023-09-06T07:10:44.000
927,28925,20,2023-09-06T07:10:44.000
928,28924,27,2023-09-06T07:10:44.000
929,28923,27,2023-09-06T07:10:44.000
930,28137,16,2023-09-06T07:20:56.000
931,28134,20,2023-09-06T07:20:56.000
932,28135,29,2023-09-06T07:20:56.000
933,28136,20,2023-09-06T07:20:56.000
934,28138,28,2023-09-06T07:20:56.000
935,28132,29,2023-09-06T07:20:56.000
936,28142,12,2023-09-06T07:20:56.000
937,28143,19,2023-09-06T07:20:56.000
938,28145,30,2023-09-06T07:20:56.000
939,28146,18,2023-09-06T07:20:56.000
940,28147,19,2023-09-06T07:20:56.000
941,28148,27,2023-09-06T07:20:56.000
942,28139,14,2023-09-06T07:20:56.000
943,28111,27,2023-09-06T07:20:57.000
944,28112,17,2023-09-06T07:20:57.000
945,28114,16,2023-09-06T07:20:57.000
946,28115,23,2023-09-06T07:20:57.000
947,28116,20,2023-09-06T07:20:57.000
948,28117,23,2023-09-06T07:20:57.000
949,28118,16,2023-09-06T07:20:57.000
950,28119,24,2023-09-06T07:20:57.000
951,28120,25,2023-09-06T07:20:57.000
952,28122,26,2023-09-06T07:20:57.000
953,28121,21,2023-09-06T07:20:57.000
954,28129,23,2023-09-06T07:20:57.000
955,28128,15,2023-09-06T07:20:57.000
956,28127,25,2023-09-06T07:20:57.000
957,28130,27,2023-09-06T07:20:57.000
958,28125,25,2023-09-06T07:20:57.000
959,28124,25,2023-09-06T07:20:57.000
960,28123,23,2023-09-06T07:20:57.000
961,28126,24,2023-09-06T07:20:57.000
962,27335,25,2023-09-06T07:31:06.000
963,27331,22,2023-09-06T07:31:06.000
964,27326,17,2023-09-06T07:31:07.000
965,27325,21,2023-09-06T07:31:07.000
966,27324,20,2023-09-06T07:31:07.000
967,27323,29,2023-09-06T07:31:07.000
968,27322,25,2023-09-06T07:31:07.000
969,27321,27,2023-09-06T07:31:07.000
970,27319,16,2023-09-06T07:31:07.000
971,27299,29,2023-09-06T07:31:07.000
972,27300,23,2023-09-06T07:31:07.000
973,27301,7,2023-09-06T07:31:07.000
974,27302,21,2023-09-06T07:31:07.000
975,27303,29,2023-09-06T07:31:07.000
976,27304,30,2023-09-06T07:31:07.000
977,27305,20,2023-09-06T07:31:07.000
978,27306,27,2023-09-06T07:31:07.000
979,27307,20,2023-09-06T07:31:07.000
980,27308,20,2023-09-06T07:31:07.000
981,27320,18,2023-09-06T07:31:07.000
982,27310,16,2023-09-06T07:31:07.000
983,27311,24,2023-09-06T07:31:07.000
984,27312,14,2023-09-06T07:31:07.000
985,27313,15,2023-09-06T07:31:07.000
986,27314,14,2023-09-06T07:31:07.000
987,27315,27,2023-09-06T07:31:07.000
988,27316,20,2023-09-06T07:31:07.000
989,27317,16,2023-09-06T07:31:07.000
990,27318,23,2023-09-06T07:31:07.000
991,27309,15,2023-09-06T07:31:07.000
992,27149,22,2023-09-06T07:31:21.000
993,27160,11,2023-09-06T07:31:21.000
994,26485,18,2023-09-06T07:40:21.000
995,26486,26,2023-09-06T07:40:21.000
996,26487,35,2023-09-06T07:40:21.000
997,26488,31,2023-09-06T07:40:21.000
998,26489,28,2023-09-06T07:40:21.000
999,26491,18,2023-09-06T07:40:21.000
1000,26492,24,2023-09-06T07:40:21.000
1001,26495,12,2023-09-06T07:40:21.000
1002,26496,28,2023-09-06T07:40:21.000
1003,26497,14,2023-09-06T07:40:21.000
1004,26490,16,2023-09-06T07:40:21.000
1005,26500,40,2023-09-06T07:40:21.000
1006,26501,20,2023-09-06T07:40:21.000
1007,26502,27,2023-09-06T07:40:21.000
1008,26503,21,2023-09-06T07:40:21.000
1009,26510,20,2023-09-06T07:40:21.000
1010,26504,29,2023-09-06T07:40:21.000
1011,26506,12,2023-09-06T07:40:21.000
1012,26507,14,2023-09-06T07:40:21.000
1013,26508,18,2023-09-06T07:40:21.000
1014,26509,13,2023-09-06T07:40:21.000
1015,26499,23,2023-09-06T07:40:21.000
1016,26473,17,2023-09-06T07:40:22.000
1017,26475,20,2023-09-06T07:40:22.000
1018,26476,28,2023-09-06T07:40:22.000
1019,26477,25,2023-09-06T07:40:22.000
1020,26478,16,2023-09-06T07:40:22.000
1021,26481,31,2023-09-06T07:40:22.000
1022,26482,25,2023-09-06T07:40:22.000
1023,26483,24,2023-09-06T07:40:22.000
1024,26484,10,2023-09-06T07:40:22.000
1025,26480,28,2023-09-06T07:40:22.000
1026,25716,39,2023-09-06T07:50:35.000
1027,25715,35,2023-09-06T07:50:35.000
1028,25713,35,2023-09-06T07:50:35.000
1029,25712,14,2023-09-06T07:50:35.000
1030,25702,24,2023-09-06T07:50:36.000
1031,25697,14,2023-09-06T07:50:36.000
1032,25698,19,2023-09-06T07:50:36.000
1033,25699,23,2023-09-06T07:50:36.000
1034,25700,17,2023-09-06T07:50:36.000
1035,25701,12,2023-09-06T07:50:36.000
1036,25703,11,2023-09-06T07:50:36.000
1037,25707,17,2023-09-06T07:50:36.000
1038,25705,18,2023-09-06T07:50:36.000
1039,25710,16,2023-09-06T07:50:36.000
1040,25709,12,2023-09-06T07:50:36.000
1041,25704,27,2023-09-06T07:50:36.000
1042,25711,27,2023-09-06T07:50:36.000
1043,25706,22,2023-09-06T07:50:36.000
1044,25708,26,2023-09-06T07:50:36.000
1045,25693,12,2023-09-06T07:50:37.000
1046,25692,27,2023-09-06T07:50:37.000
1047,25695,20,2023-09-06T07:50:37.000
1048,25696,27,2023-09-06T07:50:37.000
1049,25694,27,2023-09-06T07:50:37.000
1050,24946,30,2023-09-06T08:01:22.000
1051,24941,30,2023-09-06T08:01:22.000
1052,24944,35,2023-09-06T08:01:22.000
1053,24930,28,2023-09-06T08:01:23.000
1054,24924,27,2023-09-06T08:01:23.000
1055,24925,15,2023-09-06T08:01:23.000
1056,24926,27,2023-09-06T08:01:23.000
1057,24927,26,2023-09-06T08:01:23.000
1058,24928,16,2023-09-06T08:01:23.000
1059,24929,39,2023-09-06T08:01:23.000
1060,24931,22,2023-09-06T08:01:23.000
1061,24933,37,2023-09-06T08:01:23.000
1062,24934,36,2023-09-06T08:01:23.000
1063,24935,35,2023-09-06T08:01:23.000
1064,24936,20,2023-09-06T08:01:23.000
1065,24937,26,2023-09-06T08:01:23.000
1066,24938,16,2023-09-06T08:01:23.000
1067,24939,14,2023-09-06T08:01:23.000
1068,24940,23,2023-09-06T08:01:23.000
1069,24932,14,2023-09-06T08:01:23.000
1070,24918,20,2023-09-06T08:01:24.000
1071,24920,27,2023-09-06T08:01:24.000
1072,24919,13,2023-09-06T08:01:24.000
1073,24922,17,2023-09-06T08:01:24.000
1074,24923,19,2023-09-06T08:01:24.000
1075,24921,25,2023-09-06T08:01:24.000
1076,24141,29,2023-09-06T08:10:45.000
1077,24140,29,2023-09-06T08:10:45.000
1078,24136,35,2023-09-06T08:10:45.000
1079,24124,21,2023-09-06T08:10:46.000
1080,24118,28,2023-09-06T08:10:46.000
1081,24119,25,2023-09-06T08:10:46.000
1082,24120,18,2023-09-06T08:10:46.000
1083,24121,33,2023-09-06T08:10:46.000
1084,24122,27,2023-09-06T08:10:46.000
1085,24125,14,2023-09-06T08:10:46.000
1086,24117,39,2023-09-06T08:10:46.000
1087,24127,25,2023-09-06T08:10:46.000
1088,24126,27,2023-09-06T08:10:46.000
1089,24134,25,2023-09-06T08:10:46.000
1090,24133,10,2023-09-06T08:10:46.000
1091,24132,15,2023-09-06T08:10:46.000
1092,24123,21,2023-09-06T08:10:46.000
1093,24130,20,2023-09-06T08:10:46.000
1094,24131,23,2023-09-06T08:10:46.000
1095,24128,13,2023-09-06T08:10:46.000
1096,24129,26,2023-09-06T08:10:46.000
1097,23341,31,2023-09-06T08:20:56.000
1098,23336,29,2023-09-06T08:20:56.000
1099,23335,26,2023-09-06T08:20:56.000
1100,23329,14,2023-09-06T08:20:56.000
1101,23328,25,2023-09-06T08:20:56.000
1102,23310,13,2023-09-06T08:20:57.000
1103,23311,29,2023-09-06T08:20:57.000
1104,23312,17,2023-09-06T08:20:57.000
1105,23313,40,2023-09-06T08:20:57.000
1106,23314,29,2023-09-06T08:20:57.000
1107,23315,12,2023-09-06T08:20:57.000
1108,23316,27,2023-09-06T08:20:57.000
1109,23317,28,2023-09-06T08:20:57.000
1110,23309,24,2023-09-06T08:20:57.000
1111,23319,29,2023-09-06T08:20:57.000
1112,23320,21,2023-09-06T08:20:57.000
1113,23321,16,2023-09-06T08:20:57.000
1114,23322,23,2023-09-06T08:20:57.000
1115,23323,21,2023-09-06T08:20:57.000
1116,23324,20,2023-09-06T08:20:57.000
1117,23325,12,2023-09-06T08:20:57.000
1118,23326,35,2023-09-06T08:20:57.000
1119,23318,40,2023-09-06T08:20:57.000
1120,23327,27,2023-09-06T08:20:57.000
1121,22523,20,2023-09-06T08:31:07.000
1122,22522,23,2023-09-06T08:31:07.000
1123,22521,14,2023-09-06T08:31:07.000
1124,22517,26,2023-09-06T08:31:07.000
1125,22519,16,2023-09-06T08:31:07.000
1126,22518,35,2023-09-06T08:31:07.000
1127,22524,11,2023-09-06T08:31:07.000
1128,22516,19,2023-09-06T08:31:07.000
1129,22520,16,2023-09-06T08:31:07.000
1130,22526,22,2023-09-06T08:31:07.000
1131,22530,23,2023-09-06T08:31:07.000
1132,22528,23,2023-09-06T08:31:07.000
1133,22529,37,2023-09-06T08:31:07.000
1134,22531,21,2023-09-06T08:31:07.000
1135,22532,27,2023-09-06T08:31:07.000
1136,22533,31,2023-09-06T08:31:07.000
1137,22534,27,2023-09-06T08:31:07.000
1138,22535,26,2023-09-06T08:31:07.000
1139,22536,38,2023-09-06T08:31:07.000
1140,22538,30,2023-09-06T08:31:07.000
1141,22527,25,2023-09-06T08:31:07.000
1142,22537,35,2023-09-06T08:31:07.000
1143,22511,10,2023-09-06T08:31:08.000
1144,22515,25,2023-09-06T08:31:08.000
1145,22514,31,2023-09-06T08:31:08.000
1146,22512,25,2023-09-06T08:31:08.000
1147,21742,35,2023-09-06T08:40:22.000
1148,21743,27,2023-09-06T08:40:22.000
1149,21735,28,2023-09-06T08:40:23.000
1150,21710,19,2023-09-06T08:40:23.000
1151,21711,29,2023-09-06T08:40:23.000
1152,21712,29,2023-09-06T08:40:23.000
1153,21713,18,2023-09-06T08:40:23.000
1154,21714,29,2023-09-06T08:40:23.000
1155,21715,11,2023-09-06T08:40:23.000
1156,21716,10,2023-09-06T08:40:23.000
1157,21717,28,2023-09-06T08:40:23.000
1158,21718,26,2023-09-06T08:40:23.000
1159,21719,25,2023-09-06T08:40:23.000
1160,21720,22,2023-09-06T08:40:23.000
1161,21721,25,2023-09-06T08:40:23.000
1162,21733,27,2023-09-06T08:40:23.000
1163,21723,28,2023-09-06T08:40:23.000
1164,21724,28,2023-09-06T08:40:23.000
1165,21725,18,2023-09-06T08:40:23.000
1166,21726,25,2023-09-06T08:40:23.000
1167,21727,18,2023-09-06T08:40:23.000
1168,21728,33,2023-09-06T08:40:23.000
1169,21729,24,2023-09-06T08:40:23.000
1170,21730,36,2023-09-06T08:40:23.000
1171,21731,29,2023-09-06T08:40:23.000
1172,21732,33,2023-09-06T08:40:23.000
1173,21722,26,2023-09-06T08:40:23.000
1174,21734,23,2023-09-06T08:40:23.000
1175,20917,23,2023-09-06T08:50:38.000
1176,20916,33,2023-09-06T08:50:38.000
1177,20915,16,2023-09-06T08:50:38.000
1178,20910,29,2023-09-06T08:50:38.000
1179,20913,29,2023-09-06T08:50:38.000
1180,20912,26,2023-09-06T08:50:38.000
1181,20911,36,2023-09-06T08:50:38.000
1182,20914,18,2023-09-06T08:50:38.000
1183,20919,31,2023-09-06T08:50:38.000
1184,20918,10,2023-09-06T08:50:38.000
1185,20921,25,2023-09-06T08:50:38.000
1186,20920,20,2023-09-06T08:50:38.000
1187,20929,20,2023-09-06T08:50:38.000
1188,20928,25,2023-09-06T08:50:38.000
1189,20927,18,2023-09-06T08:50:38.000
1190,20925,28,2023-09-06T08:50:38.000
1191,20924,35,2023-09-06T08:50:38.000
1192,20923,28,2023-09-06T08:50:38.000
1193,20922,33,2023-09-06T08:50:38.000
1194,20926,25,2023-09-06T08:50:38.000
1195,20899,33,2023-09-06T08:50:39.000
1196,20900,30,2023-09-06T08:50:39.000
1197,20901,25,2023-09-06T08:50:39.000
1198,20902,30,2023-09-06T08:50:39.000
1199,20903,12,2023-09-06T08:50:39.000
1200,20904,25,2023-09-06T08:50:39.000
1201,20906,30,2023-09-06T08:50:39.000
1202,20908,23,2023-09-06T08:50:39.000
1203,20909,27,2023-09-06T08:50:39.000
1204,20905,27,2023-09-06T08:50:39.000
1205,20907,23,2023-09-06T08:50:39.000
1206,20110,37,2023-09-06T09:01:21.000
1207,20108,25,2023-09-06T09:01:21.000
1208,20109,33,2023-09-06T09:01:21.000
1209,20111,35,2023-09-06T09:01:21.000
1210,20115,23,2023-09-06T09:01:21.000
1211,20116,21,2023-09-06T09:01:21.000
1212,20119,25,2023-09-06T09:01:21.000
1213,20120,27,2023-09-06T09:01:21.000
1214,20113,23,2023-09-06T09:01:21.000
1215,20088,22,2023-09-06T09:01:22.000
1216,20089,29,2023-09-06T09:01:22.000
1217,20090,23,2023-09-06T09:01:22.000
1218,20091,25,2023-09-06T09:01:22.000
1219,20092,18,2023-09-06T09:01:22.000
1220,20093,28,2023-09-06T09:01:22.000
1221,20094,28,2023-09-06T09:01:22.000
1222,20096,26,2023-09-06T09:01:22.000
1223,20097,18,2023-09-06T09:01:22.000
1224,20095,36,2023-09-06T09:01:22.000
1225,20099,26,2023-09-06T09:01:22.000
1226,20107,29,2023-09-06T09:01:22.000
1227,20098,34,2023-09-06T09:01:22.000
1228,20105,22,2023-09-06T09:01:22.000
1229,20104,36,2023-09-06T09:01:22.000
1230,20106,27,2023-09-06T09:01:22.000
1231,20102,25,2023-09-06T09:01:22.000
1232,20101,17,2023-09-06T09:01:22.000
1233,20100,30,2023-09-06T09:01:22.000
1234,20103,33,2023-09-06T09:01:22.000
1235,19324,35,2023-09-06T09:10:43.000
1236,19323,27,2023-09-06T09:10:43.000
1237,19311,31,2023-09-06T09:10:44.000
1238,19307,18,2023-09-06T09:10:44.000
1239,19308,23,2023-09-06T09:10:44.000
1240,19309,29,2023-09-06T09:10:44.000
1241,19310,27,2023-09-06T09:10:44.000
1242,19312,29,2023-09-06T09:10:44.000
1243,19317,23,2023-09-06T09:10:44.000
1244,19314,25,2023-09-06T09:10:44.000
1245,19315,25,2023-09-06T09:10:44.000
1246,19316,22,2023-09-06T09:10:44.000
1247,19320,28,2023-09-06T09:10:44.000
1248,19318,23,2023-09-06T09:10:44.000
1249,19319,31,2023-09-06T09:10:44.000
1250,19313,31,2023-09-06T09:10:44.000
1251,19296,30,2023-09-06T09:10:45.000
1252,19297,25,2023-09-06T09:10:45.000
1253,19298,32,2023-09-06T09:10:45.000
1254,19299,32,2023-09-06T09:10:45.000
1255,19300,34,2023-09-06T09:10:45.000
1256,19302,25,2023-09-06T09:10:45.000
1257,19303,27,2023-09-06T09:10:45.000
1258,19304,36,2023-09-06T09:10:45.000
1259,19305,16,2023-09-06T09:10:45.000
1260,19306,40,2023-09-06T09:10:45.000
1261,19301,24,2023-09-06T09:10:45.000
1262,18540,30,2023-09-06T09:20:54.000
1263,18534,30,2023-09-06T09:20:54.000
1264,18535,25,2023-09-06T09:20:54.000
1265,18536,31,2023-09-06T09:20:54.000
1266,18537,27,2023-09-06T09:20:54.000
1267,18539,23,2023-09-06T09:20:54.000
1268,18541,20,2023-09-06T09:20:54.000
1269,18548,25,2023-09-06T09:20:54.000
1270,18544,29,2023-09-06T09:20:54.000
1271,18552,31,2023-09-06T09:20:54.000
1272,18551,25,2023-09-06T09:20:54.000
1273,18550,34,2023-09-06T09:20:54.000
1274,18542,29,2023-09-06T09:20:54.000
1275,18553,27,2023-09-06T09:20:54.000
1276,18545,24,2023-09-06T09:20:54.000
1277,18549,16,2023-09-06T09:20:54.000
1278,18525,24,2023-09-06T09:20:55.000
1279,18529,25,2023-09-06T09:20:55.000
1280,18526,34,2023-09-06T09:20:55.000
1281,18531,25,2023-09-06T09:20:55.000
1282,18532,37,2023-09-06T09:20:55.000
1283,18533,27,2023-09-06T09:20:55.000
1284,18530,37,2023-09-06T09:20:55.000
1285,17774,25,2023-09-06T09:31:05.000
1286,17760,30,2023-09-06T09:31:06.000
1287,17752,27,2023-09-06T09:31:06.000
1288,17753,25,2023-09-06T09:31:06.000
1289,17754,23,2023-09-06T09:31:06.000
1290,17755,12,2023-09-06T09:31:06.000
1291,17756,27,2023-09-06T09:31:06.000
1292,17757,22,2023-09-06T09:31:06.000
1293,17758,24,2023-09-06T09:31:06.000
1294,17759,17,2023-09-06T09:31:06.000
1295,17751,14,2023-09-06T09:31:06.000
1296,17761,25,2023-09-06T09:31:06.000
1297,17763,29,2023-09-06T09:31:06.000
1298,17764,30,2023-09-06T09:31:06.000
1299,17765,24,2023-09-06T09:31:06.000
1300,17766,18,2023-09-06T09:31:06.000
1301,17767,25,2023-09-06T09:31:06.000
1302,17768,16,2023-09-06T09:31:06.000
1303,17769,28,2023-09-06T09:31:06.000
1304,17770,24,2023-09-06T09:31:06.000
1305,17771,32,2023-09-06T09:31:06.000
1306,17772,38,2023-09-06T09:31:06.000
1307,17762,25,2023-09-06T09:31:06.000
1308,17003,30,2023-09-06T09:40:20.000
1309,17004,35,2023-09-06T09:40:20.000
1310,17006,30,2023-09-06T09:40:20.000
1311,17008,23,2023-09-06T09:40:20.000
1312,17010,23,2023-09-06T09:40:20.000
1313,17012,29,2023-09-06T09:40:20.000
1314,17013,38,2023-09-06T09:40:20.000
1315,17007,33,2023-09-06T09:40:20.000
1316,16985,27,2023-09-06T09:40:21.000
1317,16986,28,2023-09-06T09:40:21.000
1318,16992,25,2023-09-06T09:40:21.000
1319,16988,27,2023-09-06T09:40:21.000
1320,16989,27,2023-09-06T09:40:21.000
1321,16990,27,2023-09-06T09:40:21.000
1322,16991,16,2023-09-06T09:40:21.000
1323,16993,23,2023-09-06T09:40:21.000
1324,16987,18,2023-09-06T09:40:21.000
1325,16995,28,2023-09-06T09:40:21.000
1326,17002,16,2023-09-06T09:40:21.000
1327,17001,29,2023-09-06T09:40:21.000
1328,17000,24,2023-09-06T09:40:21.000
1329,16994,31,2023-09-06T09:40:21.000
1330,16998,22,2023-09-06T09:40:21.000
1331,16997,26,2023-09-06T09:40:21.000
1332,16996,22,2023-09-06T09:40:21.000
1333,16999,29,2023-09-06T09:40:21.000
1334,16244,26,2023-09-06T09:50:30.000
1335,16236,21,2023-09-06T09:50:30.000
1336,16238,5,2023-09-06T09:50:30.000
1337,16239,25,2023-09-06T09:50:30.000
1338,16240,27,2023-09-06T09:50:30.000
1339,16242,27,2023-09-06T09:50:30.000
1340,16243,40,2023-09-06T09:50:30.000
1341,16245,27,2023-09-06T09:50:30.000
1342,16248,25,2023-09-06T09:50:30.000
1343,16247,26,2023-09-06T09:50:30.000
1344,16249,26,2023-09-06T09:50:30.000
1345,16250,22,2023-09-06T09:50:30.000
1346,16251,19,2023-09-06T09:50:30.000
1347,16252,28,2023-09-06T09:50:30.000
1348,16254,28,2023-09-06T09:50:30.000
1349,16255,29,2023-09-06T09:50:30.000
1350,16246,23,2023-09-06T09:50:30.000
1351,16228,24,2023-09-06T09:50:31.000
1352,16227,20,2023-09-06T09:50:31.000
1353,16229,27,2023-09-06T09:50:31.000
1354,16232,30,2023-09-06T09:50:31.000
1355,16231,30,2023-09-06T09:50:31.000
1356,16234,27,2023-09-06T09:50:31.000
1357,16233,20,2023-09-06T09:50:31.000
1358,16230,29,2023-09-06T09:50:31.000
1359,15483,18,2023-09-06T10:01:17.000
1360,15484,30,2023-09-06T10:01:17.000
1361,15487,23,2023-09-06T10:01:17.000
1362,15488,25,2023-09-06T10:01:17.000
1363,15490,27,2023-09-06T10:01:17.000
1364,15492,31,2023-09-06T10:01:17.000
1365,15489,24,2023-09-06T10:01:17.000
1366,15494,28,2023-09-06T10:01:17.000
1367,15496,23,2023-09-06T10:01:17.000
1368,15498,29,2023-09-06T10:01:17.000
1369,15499,30,2023-09-06T10:01:17.000
1370,15501,27,2023-09-06T10:01:17.000
1371,15502,33,2023-09-06T10:01:17.000
1372,15493,29,2023-09-06T10:01:17.000
1373,15462,27,2023-09-06T10:01:18.000
1374,15471,29,2023-09-06T10:01:18.000
1375,15465,26,2023-09-06T10:01:18.000
1376,15466,35,2023-09-06T10:01:18.000
1377,15467,23,2023-09-06T10:01:18.000
1378,15468,28,2023-09-06T10:01:18.000
1379,15469,28,2023-09-06T10:01:18.000
1380,15472,22,2023-09-06T10:01:18.000
1381,15464,17,2023-09-06T10:01:18.000
1382,15474,27,2023-09-06T10:01:18.000
1383,15481,19,2023-09-06T10:01:18.000
1384,15480,21,2023-09-06T10:01:18.000
1385,15479,24,2023-09-06T10:01:18.000
1386,15473,23,2023-09-06T10:01:18.000
1387,15477,20,2023-09-06T10:01:18.000
1388,15476,29,2023-09-06T10:01:18.000
1389,15475,26,2023-09-06T10:01:18.000
1390,15478,23,2023-09-06T10:01:18.000
1391,14780,35,2023-09-06T10:10:35.000
1392,14777,19,2023-09-06T10:10:35.000
1393,14755,30,2023-09-06T10:10:36.000
1394,14756,27,2023-09-06T10:10:36.000
1395,14757,29,2023-09-06T10:10:36.000
1396,14758,28,2023-09-06T10:10:36.000
1397,14759,25,2023-09-06T10:10:36.000
1398,14760,34,2023-09-06T10:10:36.000
1399,14761,29,2023-09-06T10:10:36.000
1400,14762,23,2023-09-06T10:10:36.000
1401,14763,27,2023-09-06T10:10:36.000
1402,14765,23,2023-09-06T10:10:36.000
1403,14766,25,2023-09-06T10:10:36.000
1404,14767,25,2023-09-06T10:10:36.000
1405,14769,20,2023-09-06T10:10:36.000
1406,14770,34,2023-09-06T10:10:36.000
1407,14771,26,2023-09-06T10:10:36.000
1408,14772,29,2023-09-06T10:10:36.000
1409,14773,23,2023-09-06T10:10:36.000
1410,14774,30,2023-09-06T10:10:36.000
1411,14764,16,2023-09-06T10:10:36.000
1412,14768,33,2023-09-06T10:10:36.000
1413,14749,23,2023-09-06T10:10:37.000
1414,14747,20,2023-09-06T10:10:37.000
1415,14748,18,2023-09-06T10:10:37.000
1416,14750,25,2023-09-06T10:10:37.000
1417,14752,27,2023-09-06T10:10:37.000
1418,14753,16,2023-09-06T10:10:37.000
1419,14754,25,2023-09-06T10:10:37.000
1420,14751,30,2023-09-06T10:10:37.000
1421,14039,25,2023-09-06T10:20:52.000
1422,14040,29,2023-09-06T10:20:52.000
1423,14042,28,2023-09-06T10:20:52.000
1424,14044,30,2023-09-06T10:20:52.000
1425,14043,23,2023-09-06T10:20:52.000
1426,14046,18,2023-09-06T10:20:52.000
1427,14050,25,2023-09-06T10:20:52.000
1428,14053,27,2023-09-06T10:20:52.000
1429,14054,33,2023-09-06T10:20:52.000
1430,14055,30,2023-09-06T10:20:52.000
1431,14045,26,2023-09-06T10:20:52.000
1432,14029,18,2023-09-06T10:20:53.000
1433,14023,29,2023-09-06T10:20:53.000
1434,14025,29,2023-09-06T10:20:53.000
1435,14026,26,2023-09-06T10:20:53.000
1436,14028,26,2023-09-06T10:20:53.000
1437,14030,29,2023-09-06T10:20:53.000
1438,14034,14,2023-09-06T10:20:53.000
1439,14032,38,2023-09-06T10:20:53.000
1440,14033,22,2023-09-06T10:20:53.000
1441,14035,22,2023-09-06T10:20:53.000
1442,14036,24,2023-09-06T10:20:53.000
1443,14037,18,2023-09-06T10:20:53.000
1444,14031,33,2023-09-06T10:20:53.000
1445,13312,22,2023-09-06T10:31:02.000
1446,13313,25,2023-09-06T10:31:02.000
1447,13314,27,2023-09-06T10:31:02.000
1448,13315,26,2023-09-06T10:31:02.000
1449,13316,27,2023-09-06T10:31:02.000
1450,13317,21,2023-09-06T10:31:02.000
1451,13319,29,2023-09-06T10:31:02.000
1452,13318,19,2023-09-06T10:31:02.000
1453,13321,27,2023-09-06T10:31:02.000
1454,13322,27,2023-09-06T10:31:02.000
1455,13324,29,2023-09-06T10:31:02.000
1456,13325,16,2023-09-06T10:31:02.000
1457,13326,30,2023-09-06T10:31:02.000
1458,13327,29,2023-09-06T10:31:02.000
1459,13328,27,2023-09-06T10:31:02.000
1460,13329,24,2023-09-06T10:31:02.000
1461,13320,25,2023-09-06T10:31:02.000
1462,12579,23,2023-09-06T10:40:15.000
1463,12580,29,2023-09-06T10:40:15.000
1464,12581,32,2023-09-06T10:40:15.000
1465,12587,28,2023-09-06T10:40:15.000
1466,12588,25,2023-09-06T10:40:15.000
1467,12589,29,2023-09-06T10:40:15.000
1468,12591,25,2023-09-06T10:40:15.000
1469,12584,19,2023-09-06T10:40:15.000
1470,12569,11,2023-09-06T10:40:16.000
1471,12565,21,2023-09-06T10:40:16.000
1472,12566,21,2023-09-06T10:40:16.000
1473,12567,21,2023-09-06T10:40:16.000
1474,12568,31,2023-09-06T10:40:16.000
1475,12570,27,2023-09-06T10:40:16.000
1476,12573,28,2023-09-06T10:40:16.000
1477,12572,22,2023-09-06T10:40:16.000
1478,12574,23,2023-09-06T10:40:16.000
1479,12576,11,2023-09-06T10:40:16.000
1480,12577,19,2023-09-06T10:40:16.000
1481,12578,27,2023-09-06T10:40:16.000
1482,12571,28,2023-09-06T10:40:16.000
1483,11871,26,2023-09-06T10:50:28.000
1484,11870,26,2023-09-06T10:50:28.000
1485,11869,32,2023-09-06T10:50:28.000
1486,11868,33,2023-09-06T10:50:28.000
1487,11865,31,2023-09-06T10:50:28.000
1488,11866,23,2023-09-06T10:50:28.000
1489,11864,22,2023-09-06T10:50:28.000
1490,11863,21,2023-09-06T10:50:28.000
1491,11872,27,2023-09-06T10:50:28.000
1492,11867,35,2023-09-06T10:50:28.000
1493,11873,29,2023-09-06T10:50:28.000
1494,11885,27,2023-09-06T10:50:28.000
1495,11875,36,2023-09-06T10:50:28.000
1496,11876,26,2023-09-06T10:50:28.000
1497,11877,29,2023-09-06T10:50:28.000
1498,11878,22,2023-09-06T10:50:28.000
1499,11880,30,2023-09-06T10:50:28.000
1500,11881,28,2023-09-06T10:50:28.000
1501,11882,27,2023-09-06T10:50:28.000
1502,11883,19,2023-09-06T10:50:28.000
1503,11884,28,2023-09-06T10:50:28.000
1504,11874,18,2023-09-06T10:50:28.000
1505,11886,29,2023-09-06T10:50:28.000
1506,11168,31,2023-09-06T11:01:14.000
1507,11165,24,2023-09-06T11:01:14.000
1508,11164,29,2023-09-06T11:01:14.000
1509,11169,28,2023-09-06T11:01:14.000
1510,11162,23,2023-09-06T11:01:14.000
1511,11161,28,2023-09-06T11:01:14.000
1512,11163,16,2023-09-06T11:01:14.000
1513,11171,33,2023-09-06T11:01:14.000
1514,11167,27,2023-09-06T11:01:14.000
1515,11173,25,2023-09-06T11:01:14.000
1516,11174,33,2023-09-06T11:01:14.000
1517,11176,23,2023-09-06T11:01:14.000
1518,11185,34,2023-09-06T11:01:14.000
1519,11179,33,2023-09-06T11:01:14.000
1520,11180,29,2023-09-06T11:01:14.000
1521,11182,23,2023-09-06T11:01:14.000
1522,11183,24,2023-09-06T11:01:14.000
1523,11184,31,2023-09-06T11:01:14.000
1524,11172,33,2023-09-06T11:01:14.000
1525,11151,28,2023-09-06T11:01:15.000
1526,11152,25,2023-09-06T11:01:15.000
1527,11155,22,2023-09-06T11:01:15.000
1528,11157,25,2023-09-06T11:01:15.000
1529,11158,19,2023-09-06T11:01:15.000
1530,11160,21,2023-09-06T11:01:15.000
1531,11156,28,2023-09-06T11:01:15.000
1532,10443,25,2023-09-06T11:10:33.000
1533,10437,27,2023-09-06T11:10:33.000
1534,10439,21,2023-09-06T11:10:33.000
1535,10441,32,2023-09-06T11:10:33.000
1536,10442,23,2023-09-06T11:10:33.000
1537,10445,25,2023-09-06T11:10:33.000
1538,10452,24,2023-09-06T11:10:33.000
1539,10447,27,2023-09-06T11:10:33.000
1540,10448,24,2023-09-06T11:10:33.000
1541,10449,25,2023-09-06T11:10:33.000
1542,10450,27,2023-09-06T11:10:33.000
1543,10451,29,2023-09-06T11:10:33.000
1544,10446,28,2023-09-06T11:10:33.000
1545,10429,17,2023-09-06T11:10:34.000
1546,10430,25,2023-09-06T11:10:34.000
1547,10432,25,2023-09-06T11:10:34.000
1548,10431,29,2023-09-06T11:10:34.000
1549,10434,24,2023-09-06T11:10:34.000
1550,10435,19,2023-09-06T11:10:34.000
1551,10436,20,2023-09-06T11:10:34.000
1552,10433,27,2023-09-06T11:10:34.000
1553,9740,25,2023-09-06T11:20:49.000
1554,9742,25,2023-09-06T11:20:49.000
1555,9744,20,2023-09-06T11:20:49.000
1556,9747,23,2023-09-06T11:20:49.000
1557,9750,24,2023-09-06T11:20:49.000
1558,9752,23,2023-09-06T11:20:49.000
1559,9753,27,2023-09-06T11:20:49.000
1560,9754,23,2023-09-06T11:20:49.000
1561,9756,28,2023-09-06T11:20:49.000
1562,9751,26,2023-09-06T11:20:49.000
1563,9758,35,2023-09-06T11:20:49.000
1564,9759,17,2023-09-06T11:20:49.000
1565,9760,25,2023-09-06T11:20:49.000
1566,9761,24,2023-09-06T11:20:49.000
1567,9762,15,2023-09-06T11:20:49.000
1568,9763,23,2023-09-06T11:20:49.000
1569,9764,28,2023-09-06T11:20:49.000
1570,9765,31,2023-09-06T11:20:49.000
1571,9766,19,2023-09-06T11:20:49.000
1572,9757,25,2023-09-06T11:20:49.000
1573,9734,24,2023-09-06T11:20:50.000
1574,9738,28,2023-09-06T11:20:50.000
1575,9739,22,2023-09-06T11:20:50.000
1576,9737,25,2023-09-06T11:20:50.000
1577,9042,25,2023-09-06T11:30:59.000
1578,9033,25,2023-09-06T11:30:59.000
1579,9034,26,2023-09-06T11:30:59.000
1580,9035,28,2023-09-06T11:30:59.000
1581,9038,33,2023-09-06T11:30:59.000
1582,9039,23,2023-09-06T11:30:59.000
1583,9041,18,2023-09-06T11:30:59.000
1584,9043,23,2023-09-06T11:30:59.000
1585,9058,27,2023-09-06T11:30:59.000
1586,9046,24,2023-09-06T11:30:59.000
1587,9047,23,2023-09-06T11:30:59.000
1588,9048,26,2023-09-06T11:30:59.000
1589,9052,27,2023-09-06T11:30:59.000
1590,9053,28,2023-09-06T11:30:59.000
1591,9054,23,2023-09-06T11:30:59.000
1592,9057,34,2023-09-06T11:30:59.000
1593,9044,28,2023-09-06T11:30:59.000
1594,9022,25,2023-09-06T11:31:00.000
1595,9023,28,2023-09-06T11:31:00.000
1596,9024,27,2023-09-06T11:31:00.000
1597,9026,17,2023-09-06T11:31:00.000
1598,9021,27,2023-09-06T11:31:00.000
1599,9028,27,2023-09-06T11:31:00.000
1600,9029,16,2023-09-06T11:31:00.000
1601,9031,20,2023-09-06T11:31:00.000
1602,9032,20,2023-09-06T11:31:00.000
1603,9027,25,2023-09-06T11:31:00.000
1604,8291,22,2023-09-06T11:40:14.000
1605,8288,35,2023-09-06T11:40:14.000
1606,8271,21,2023-09-06T11:40:15.000
1607,8270,17,2023-09-06T11:40:15.000
1608,8269,25,2023-09-06T11:40:15.000
1609,8268,22,2023-09-06T11:40:15.000
1610,8267,23,2023-09-06T11:40:15.000
1611,8263,31,2023-09-06T11:40:15.000
1612,8265,24,2023-09-06T11:40:15.000
1613,8264,27,2023-09-06T11:40:15.000
1614,8262,27,2023-09-06T11:40:15.000
1615,8261,25,2023-09-06T11:40:15.000
1616,8272,27,2023-09-06T11:40:15.000
1617,8266,31,2023-09-06T11:40:15.000
1618,8273,23,2023-09-06T11:40:15.000
1619,8275,29,2023-09-06T11:40:15.000
1620,8285,25,2023-09-06T11:40:15.000
1621,8276,26,2023-09-06T11:40:15.000
1622,8277,28,2023-09-06T11:40:15.000
1623,8278,14,2023-09-06T11:40:15.000
1624,8279,20,2023-09-06T11:40:15.000
1625,8280,34,2023-09-06T11:40:15.000
1626,8281,29,2023-09-06T11:40:15.000
1627,8282,27,2023-09-06T11:40:15.000
1628,8283,25,2023-09-06T11:40:15.000
1629,8284,23,2023-09-06T11:40:15.000
1630,8287,25,2023-09-06T11:40:15.000
1631,8286,19,2023-09-06T11:40:15.000
1632,8274,24,2023-09-06T11:40:15.000
1633,7580,20,2023-09-06T11:50:26.000
1634,7582,28,2023-09-06T11:50:26.000
1635,7589,29,2023-09-06T11:50:26.000
1636,7592,25,2023-09-06T11:50:26.000
1637,7591,22,2023-09-06T11:50:26.000
1638,7563,21,2023-09-06T11:50:27.000
1639,7562,23,2023-09-06T11:50:27.000
1640,7561,25,2023-09-06T11:50:27.000
1641,7560,23,2023-09-06T11:50:27.000
1642,7564,26,2023-09-06T11:50:27.000
1643,7557,33,2023-09-06T11:50:27.000
1644,7556,21,2023-09-06T11:50:27.000
1645,7554,31,2023-09-06T11:50:27.000
1646,7553,27,2023-09-06T11:50:27.000
1647,7559,27,2023-09-06T11:50:27.000
1648,7565,26,2023-09-06T11:50:27.000
1649,7572,33,2023-09-06T11:50:27.000
1650,7567,23,2023-09-06T11:50:27.000
1651,7578,20,2023-09-06T11:50:27.000
1652,7577,18,2023-09-06T11:50:27.000
1653,7576,31,2023-09-06T11:50:27.000
1654,7575,23,2023-09-06T11:50:27.000
1655,7574,18,2023-09-06T11:50:27.000
1656,7566,19,2023-09-06T11:50:27.000
1657,7571,25,2023-09-06T11:50:27.000
1658,7570,22,2023-09-06T11:50:27.000
1659,7569,35,2023-09-06T11:50:27.000
1660,7568,25,2023-09-06T11:50:27.000
1661,7573,27,2023-09-06T11:50:27.000
1662,6861,25,2023-09-06T12:01:14.000
1663,6860,25,2023-09-06T12:01:14.000
1664,6859,31,2023-09-06T12:01:14.000
1665,6858,30,2023-09-06T12:01:14.000
1666,6857,26,2023-09-06T12:01:14.000
1667,6856,23,2023-09-06T12:01:14.000
1668,6854,23,2023-09-06T12:01:14.000
1669,6853,20,2023-09-06T12:01:14.000
1670,6852,23,2023-09-06T12:01:14.000
1671,6851,27,2023-09-06T12:01:14.000
1672,6862,26,2023-09-06T12:01:14.000
1673,6849,14,2023-09-06T12:01:14.000
1674,6855,20,2023-09-06T12:01:14.000
1675,6850,27,2023-09-06T12:01:14.000
1676,6867,38,2023-09-06T12:01:14.000
1677,6868,13,2023-09-06T12:01:14.000
1678,6881,18,2023-09-06T12:01:14.000
1679,6880,27,2023-09-06T12:01:14.000
1680,6864,18,2023-09-06T12:01:14.000
1681,6878,29,2023-09-06T12:01:14.000
1682,6877,28,2023-09-06T12:01:14.000
1683,6876,24,2023-09-06T12:01:14.000
1684,6879,23,2023-09-06T12:01:14.000
1685,6874,23,2023-09-06T12:01:14.000
1686,6873,25,2023-09-06T12:01:14.000
1687,6872,22,2023-09-06T12:01:14.000
1688,6871,22,2023-09-06T12:01:14.000
1689,6870,23,2023-09-06T12:01:14.000
1690,6869,25,2023-09-06T12:01:14.000
1691,6875,23,2023-09-06T12:01:14.000
1692,6171,34,2023-09-06T12:10:31.000
1693,6170,28,2023-09-06T12:10:31.000
1694,6150,24,2023-09-06T12:10:32.000
1695,6151,27,2023-09-06T12:10:32.000
1696,6155,12,2023-09-06T12:10:32.000
1697,6152,15,2023-09-06T12:10:32.000
1698,6153,36,2023-09-06T12:10:32.000
1699,6154,26,2023-09-06T12:10:32.000
1700,6156,27,2023-09-06T12:10:32.000
1701,6163,23,2023-09-06T12:10:32.000
1702,6158,30,2023-09-06T12:10:32.000
1703,6165,24,2023-09-06T12:10:32.000
1704,6164,30,2023-09-06T12:10:32.000
1705,6162,24,2023-09-06T12:10:32.000
1706,6157,27,2023-09-06T12:10:32.000
1707,6160,20,2023-09-06T12:10:32.000
1708,6159,20,2023-09-06T12:10:32.000
1709,6161,30,2023-09-06T12:10:32.000
1710,6149,19,2023-09-06T12:10:33.000
1711,6148,23,2023-09-06T12:10:33.000
1712,6147,23,2023-09-06T12:10:33.000
1713,6146,13,2023-09-06T12:10:33.000
1714,6145,18,2023-09-06T12:10:33.000
1715,6144,16,2023-09-06T12:10:33.000
1716,6143,19,2023-09-06T12:10:33.000
1717,6142,16,2023-09-06T12:10:33.000
1718,6141,23,2023-09-06T12:10:33.000
1719,5490,21,2023-09-06T12:20:50.000
1720,5496,20,2023-09-06T12:20:50.000
1721,5465,33,2023-09-06T12:20:51.000
1722,5466,20,2023-09-06T12:20:51.000
1723,5467,23,2023-09-06T12:20:51.000
1724,5468,24,2023-09-06T12:20:51.000
1725,5469,25,2023-09-06T12:20:51.000
1726,5470,10,2023-09-06T12:20:51.000
1727,5471,26,2023-09-06T12:20:51.000
1728,5472,29,2023-09-06T12:20:51.000
1729,5473,21,2023-09-06T12:20:51.000
1730,5474,23,2023-09-06T12:20:51.000
1731,5475,23,2023-09-06T12:20:51.000
1732,5479,33,2023-09-06T12:20:51.000
1733,5477,25,2023-09-06T12:20:51.000
1734,5489,25,2023-09-06T12:20:51.000
1735,5488,25,2023-09-06T12:20:51.000
1736,5476,27,2023-09-06T12:20:51.000
1737,5486,25,2023-09-06T12:20:51.000
1738,5485,16,2023-09-06T12:20:51.000
1739,5487,21,2023-09-06T12:20:51.000
1740,5483,22,2023-09-06T12:20:51.000
1741,5481,25,2023-09-06T12:20:51.000
1742,5480,18,2023-09-06T12:20:51.000
1743,5478,25,2023-09-06T12:20:51.000
1744,5484,18,2023-09-06T12:20:51.000
1745,4774,25,2023-09-06T12:31:00.000
1746,4765,26,2023-09-06T12:31:00.000
1747,4768,24,2023-09-06T12:31:00.000
1748,4769,25,2023-09-06T12:31:00.000
1749,4770,34,2023-09-06T12:31:00.000
1750,4772,24,2023-09-06T12:31:00.000
1751,4773,25,2023-09-06T12:31:00.000
1752,4777,28,2023-09-06T12:31:00.000
1753,4766,23,2023-09-06T12:31:00.000
1754,4779,25,2023-09-06T12:31:00.000
1755,4780,28,2023-09-06T12:31:00.000
1756,4781,25,2023-09-06T12:31:00.000
1757,4783,20,2023-09-06T12:31:00.000
1758,4784,23,2023-09-06T12:31:00.000
1759,4785,19,2023-09-06T12:31:00.000
1760,4778,29,2023-09-06T12:31:00.000
1761,4786,32,2023-09-06T12:31:00.000
1762,4787,29,2023-09-06T12:31:00.000
1763,4750,23,2023-09-06T12:31:01.000
1764,4751,26,2023-09-06T12:31:01.000
1765,4752,23,2023-09-06T12:31:01.000
1766,4753,18,2023-09-06T12:31:01.000
1767,4754,32,2023-09-06T12:31:01.000
1768,4755,22,2023-09-06T12:31:01.000
1769,4763,18,2023-09-06T12:31:01.000
1770,4758,20,2023-09-06T12:31:01.000
1771,4759,24,2023-09-06T12:31:01.000
1772,4760,30,2023-09-06T12:31:01.000
1773,4761,29,2023-09-06T12:31:01.000
1774,4762,27,2023-09-06T12:31:01.000
1775,4764,30,2023-09-06T12:31:01.000
1776,4757,21,2023-09-06T12:31:01.000
1777,4061,26,2023-09-06T12:40:14.000
1778,4062,29,2023-09-06T12:40:14.000
1779,4063,22,2023-09-06T12:40:14.000
1780,4066,29,2023-09-06T12:40:14.000
1781,4064,18,2023-09-06T12:40:14.000
1782,4069,27,2023-09-06T12:40:14.000
1783,4070,30,2023-09-06T12:40:14.000
1784,4073,25,2023-09-06T12:40:14.000
1785,4075,25,2023-09-06T12:40:14.000
1786,4067,26,2023-09-06T12:40:14.000
1787,4041,25,2023-09-06T12:40:15.000
1788,4042,20,2023-09-06T12:40:15.000
1789,4043,28,2023-09-06T12:40:15.000
1790,4044,33,2023-09-06T12:40:15.000
1791,4045,26,2023-09-06T12:40:15.000
1792,4046,18,2023-09-06T12:40:15.000
1793,4047,22,2023-09-06T12:40:15.000
1794,4048,23,2023-09-06T12:40:15.000
1795,4049,27,2023-09-06T12:40:15.000
1796,4052,25,2023-09-06T12:40:15.000
1797,4051,27,2023-09-06T12:40:15.000
1798,4050,19,2023-09-06T12:40:15.000
1799,4059,27,2023-09-06T12:40:15.000
1800,4058,19,2023-09-06T12:40:15.000
1801,4057,35,2023-09-06T12:40:15.000
1802,4060,22,2023-09-06T12:40:15.000
1803,4055,38,2023-09-06T12:40:15.000
1804,4054,19,2023-09-06T12:40:15.000
1805,4053,22,2023-09-06T12:40:15.000
1806,4056,27,2023-09-06T12:40:15.000
1807,3359,29,2023-09-06T12:50:27.000
1808,3358,29,2023-09-06T12:50:27.000
1809,3357,23,2023-09-06T12:50:27.000
1810,3356,21,2023-09-06T12:50:27.000
1811,3355,22,2023-09-06T12:50:27.000
1812,3353,23,2023-09-06T12:50:27.000
1813,3352,12,2023-09-06T12:50:27.000
1814,3351,30,2023-09-06T12:50:27.000
1815,3349,23,2023-09-06T12:50:27.000
1816,3348,23,2023-09-06T12:50:27.000
1817,3360,27,2023-09-06T12:50:27.000
1818,3354,25,2023-09-06T12:50:27.000
1819,3350,18,2023-09-06T12:50:27.000
1820,3361,23,2023-09-06T12:50:27.000
1821,3364,27,2023-09-06T12:50:27.000
1822,3363,18,2023-09-06T12:50:27.000
1823,3377,18,2023-09-06T12:50:27.000
1824,3375,18,2023-09-06T12:50:27.000
1825,3374,35,2023-09-06T12:50:27.000
1826,3373,23,2023-09-06T12:50:27.000
1827,3372,19,2023-09-06T12:50:27.000
1828,3378,28,2023-09-06T12:50:27.000
1829,3370,28,2023-09-06T12:50:27.000
1830,3369,25,2023-09-06T12:50:27.000
1831,3368,14,2023-09-06T12:50:27.000
1832,3366,19,2023-09-06T12:50:27.000
1833,3365,18,2023-09-06T12:50:27.000
1834,3371,30,2023-09-06T12:50:27.000
1835,2630,25,2023-09-06T13:01:15.000
1836,2629,20,2023-09-06T13:01:15.000
1837,2628,33,2023-09-06T13:01:15.000
1838,2626,18,2023-09-06T13:01:15.000
1839,2623,26,2023-09-06T13:01:15.000
1840,2624,23,2023-09-06T13:01:15.000
1841,2622,23,2023-09-06T13:01:15.000
1842,2621,23,2023-09-06T13:01:15.000
1843,2631,23,2023-09-06T13:01:15.000
1844,2625,27,2023-09-06T13:01:15.000
1845,2632,31,2023-09-06T13:01:15.000
1846,2633,26,2023-09-06T13:01:15.000
1847,2634,28,2023-09-06T13:01:15.000
1848,2635,33,2023-09-06T13:01:15.000
1849,2636,26,2023-09-06T13:01:15.000
1850,2638,32,2023-09-06T13:01:15.000
1851,2639,18,2023-09-06T13:01:15.000
1852,2640,22,2023-09-06T13:01:15.000
1853,2641,20,2023-09-06T13:01:15.000
1854,2642,25,2023-09-06T13:01:15.000
1855,2643,29,2023-09-06T13:01:15.000
1856,2644,29,2023-09-06T13:01:15.000
1857,2645,27,2023-09-06T13:01:15.000
1858,1935,35,2023-09-06T13:10:35.000
1859,1936,38,2023-09-06T13:10:35.000
1860,1904,23,2023-09-06T13:10:36.000
1861,1905,27,2023-09-06T13:10:36.000
1862,1906,18,2023-09-06T13:10:36.000
1863,1907,32,2023-09-06T13:10:36.000
1864,1909,30,2023-09-06T13:10:36.000
1865,1910,27,2023-09-06T13:10:36.000
1866,1911,28,2023-09-06T13:10:36.000
1867,1912,27,2023-09-06T13:10:36.000
1868,1913,25,2023-09-06T13:10:36.000
1869,1914,18,2023-09-06T13:10:36.000
1870,1915,19,2023-09-06T13:10:36.000
1871,1908,26,2023-09-06T13:10:36.000
1872,1917,31,2023-09-06T13:10:36.000
1873,1916,19,2023-09-06T13:10:36.000
1874,1927,25,2023-09-06T13:10:36.000
1875,1926,33,2023-09-06T13:10:36.000
1876,1925,17,2023-09-06T13:10:36.000
1877,1924,27,2023-09-06T13:10:36.000
1878,1928,38,2023-09-06T13:10:36.000
1879,1922,25,2023-09-06T13:10:36.000
1880,1923,19,2023-09-06T13:10:36.000
1881,1919,27,2023-09-06T13:10:36.000
1882,1918,23,2023-09-06T13:10:36.000
1883,1921,25,2023-09-06T13:10:36.000
1884,1920,30,2023-09-06T13:10:36.000
1885,1903,20,2023-09-06T13:10:37.000
1886,1220,25,2023-09-06T13:20:53.000
1887,1210,30,2023-09-06T13:20:53.000
1888,1211,23,2023-09-06T13:20:53.000
1889,1213,29,2023-09-06T13:20:53.000
1890,1214,22,2023-09-06T13:20:53.000
1891,1215,15,2023-09-06T13:20:53.000
1892,1217,27,2023-09-06T13:20:53.000
1893,1218,14,2023-09-06T13:20:53.000
1894,1219,27,2023-09-06T13:20:53.000
1895,1221,28,2023-09-06T13:20:53.000
1896,1212,24,2023-09-06T13:20:53.000
1897,1223,29,2023-09-06T13:20:53.000
1898,1224,20,2023-09-06T13:20:53.000
1899,1225,30,2023-09-06T13:20:53.000
1900,1226,23,2023-09-06T13:20:53.000
1901,1227,30,2023-09-06T13:20:53.000
1902,1228,18,2023-09-06T13:20:53.000
1903,1229,14,2023-09-06T13:20:53.000
1904,1230,31,2023-09-06T13:20:53.000
1905,1231,26,2023-09-06T13:20:53.000
1906,1232,23,2023-09-06T13:20:53.000
1907,1233,27,2023-09-06T13:20:53.000
1908,1222,23,2023-09-06T13:20:53.000
1909,526,23,2023-09-08T12:50:28.000
1910,527,18,2023-09-08T12:50:28.000
1911,528,24,2023-09-08T12:50:28.000
1912,531,23,2023-09-08T12:50:28.000
1913,533,29,2023-09-08T12:50:28.000
1914,536,35,2023-09-08T12:50:28.000
1915,540,23,2023-09-08T12:50:28.000
1916,530,31,2023-09-08T12:50:28.000
1917,510,19,2023-09-08T12:50:29.000
1918,501,24,2023-09-08T12:50:29.000
1919,502,25,2023-09-08T12:50:29.000
1920,503,23,2023-09-08T12:50:29.000
1921,504,16,2023-09-08T12:50:29.000
1922,505,30,2023-09-08T12:50:29.000
1923,507,21,2023-09-08T12:50:29.000
1924,508,16,2023-09-08T12:50:29.000
1925,509,16,2023-09-08T12:50:29.000
1926,512,19,2023-09-08T12:50:29.000
1927,522,19,2023-09-08T12:50:29.000
1928,514,27,2023-09-08T12:50:29.000
1929,515,24,2023-09-08T12:50:29.000
1930,516,21,2023-09-08T12:50:29.000
1931,517,22,2023-09-08T12:50:29.000
1932,518,27,2023-09-08T12:50:29.000
1933,519,16,2023-09-08T12:50:29.000
1934,520,28,2023-09-08T12:50:29.000
1935,521,21,2023-09-08T12:50:29.000
1936,523,15,2023-09-08T12:50:29.000
1937,513,23,2023-09-08T12:50:29.000
1938,500,22,2023-09-08T12:50:29.000
