,index,speed
0,48307,31
1,48274,25
2,48275,18
3,48277,25
4,48278,27
5,48279,23
6,48280,28
7,48281,11
8,48284,25
9,48285,19
10,48288,27
11,48289,25
12,48305,31
13,48291,25
14,48290,30
15,48302,30
16,48301,23
17,48299,27
18,48298,28
19,48304,28
20,48296,27
21,48294,30
22,48293,28
23,48292,27
24,48297,16
25,48270,26
26,48264,19
27,48263,13
28,47703,23
29,47698,23
30,47699,25
31,47700,27
32,47701,25
33,47702,23
34,47704,25
35,47710,29
36,47706,27
37,47708,24
38,47709,30
39,47711,27
40,47712,25
41,47713,21
42,47714,26
43,47705,28
44,47689,20
45,47685,23
46,47686,28
47,47687,24
48,47688,25
49,47690,24
50,47697,33
51,47692,31
52,47693,23
53,47694,32
54,47695,30
55,47696,19
56,47691,23
57,47126,35
58,47119,27
59,47113,25
60,47115,29
61,47114,31
62,47117,23
63,47118,27
64,47116,27
65,47100,26
66,47093,15
67,47094,23
68,47095,23
69,47096,24
70,47097,26
71,47098,26
72,47099,14
73,47101,26
74,47107,18
75,47103,25
76,47104,25
77,47105,25
78,47106,26
79,47112,23
80,47108,21
81,47109,35
82,47110,27
83,47111,26
84,47102,24
85,46534,30
86,46535,31
87,46536,25
88,46537,29
89,46538,18
90,46540,19
91,46543,30
92,46545,26
93,46546,31
94,46510,24
95,46511,22
96,46512,25
97,46513,23
98,46514,23
99,46515,24
100,46516,20
101,46517,32
102,46518,27
103,46523,27
104,46521,23
105,46522,28
106,46524,23
107,46525,27
108,46526,25
109,46527,22
110,46528,25
111,46529,23
112,46530,20
113,46520,27
114,45941,40
115,45940,21
116,45937,27
117,45935,27
118,45933,25
119,45926,20
120,45930,21
121,45928,28
122,45927,28
123,45942,25
124,45931,25
125,45943,44
126,45934,21
127,45946,21
128,45945,24
129,45958,22
130,45957,27
131,45956,24
132,45955,28
133,45954,35
134,45959,31
135,45952,26
136,45951,22
137,45950,29
138,45949,25
139,45948,25
140,45961,30
141,45364,11
142,45363,5
143,45361,30
144,45360,24
145,45357,27
146,45358,22
147,45356,21
148,45355,26
149,45365,24
150,45359,26
151,45366,22
152,45368,23
153,45381,23
154,45370,21
155,45371,32
156,45372,29
157,45374,27
158,45375,23
159,45376,24
160,45377,22
161,45378,29
162,45380,29
163,45367,24
164,44808,26
165,44807,21
166,44804,27
167,44803,29
168,44809,21
169,44801,25
170,44800,25
171,44799,20
172,44798,25
173,44802,27
174,44811,27
175,44829,28
176,44815,18
177,44830,18
178,44814,31
179,44823,23
180,44822,35
181,44828,18
182,44820,23
183,44819,23
184,44818,24
185,44817,29
186,44821,25
187,44263,26
188,44267,29
189,44266,38
190,44265,14
191,44264,25
192,44261,26
193,44255,31
194,44259,27
195,44258,23
196,44256,31
197,44254,18
198,44253,20
199,44268,23
200,44260,24
201,44269,36
202,44283,29
203,44271,30
204,44270,24
205,44287,25
206,44286,29
207,44285,23
208,44284,29
209,44280,28
210,44279,31
211,44277,27
212,44276,35
213,44275,25
214,44274,26
215,44273,18
216,44272,25
217,44278,23
218,43711,27
219,43709,29
220,43712,26
221,43722,29
222,43719,27
223,43721,25
224,43723,27
225,43715,25
226,43695,20
227,43686,18
228,43688,33
229,43689,34
230,43690,23
231,43692,30
232,43693,27
233,43694,26
234,43696,29
235,43705,31
236,43699,27
237,43698,33
238,43707,28
239,43706,37
240,43704,27
241,43708,24
242,43702,38
243,43701,29
244,43700,36
245,43703,29
246,43229,29
247,43220,31
248,43221,31
249,43223,31
250,43224,27
251,43225,29
252,43227,28
253,43231,33
254,43241,25
255,43235,30
256,43246,29
257,43245,25
258,43242,29
259,43234,31
260,43237,30
261,43236,25
262,43247,22
263,42913,27
264,42916,28
265,42917,30
266,42918,27
267,42920,27
268,42919,32
269,42926,10
270,42928,27
271,42930,29
272,42931,29
273,42932,25
274,42934,27
275,42922,30
276,42692,29
277,42661,28
278,42658,29
279,42659,22
280,42660,29
281,42662,23
282,42666,27
283,42668,29
284,42675,25
285,42678,24
286,42680,25
287,42681,23
288,42683,27
289,42667,33
290,42411,28
291,42390,24
292,42391,23
293,42398,27
294,42399,23
295,42420,21
296,42415,23
297,42422,30
298,42428,27
299,42431,30
300,42402,26
301,42163,27
302,42155,30
303,42168,27
304,42144,17
305,42153,27
306,42169,26
307,42152,24
308,42171,22
309,42172,27
310,42173,30
311,42175,23
312,42170,31
313,42185,20
314,42186,27
315,41884,27
316,41885,23
317,41887,22
318,41888,30
319,41895,27
320,41910,24
321,41933,29
322,41923,26
323,41924,24
324,41931,29
325,41932,22
326,41939,27
327,41921,27
328,41661,26
329,41664,26
330,41665,25
331,41668,29
332,41669,30
333,41671,30
334,41676,27
335,41678,24
336,41683,23
337,41686,26
338,41687,28
339,41498,25
340,41499,28
341,41500,35
342,41508,27
343,41509,27
344,41504,26
345,41517,29
346,41512,31
347,41534,27
348,41527,27
349,41525,25
350,41521,30
351,41349,30
352,41351,30
353,41352,33
354,41359,33
355,41371,23
356,41369,26
357,41374,24
358,41376,25
359,41377,28
360,41378,33
361,41379,33
362,41380,30
363,41373,27
364,41372,29
365,41197,30
366,41174,30
367,41175,18
368,41184,33
369,41191,25
370,41192,30
371,41205,30
372,41210,30
373,41211,30
374,41217,26
375,41221,27
376,41226,26
377,41227,27
378,41204,32
379,41044,21
380,41045,30
381,41048,26
382,41051,26
383,41053,23
384,41059,25
385,41063,26
386,41068,22
387,41071,23
388,41075,23
389,41078,27
390,41083,28
391,41060,25
392,40907,28
393,40899,22
394,40901,25
395,40904,29
396,40905,24
397,40906,28
398,40914,29
399,40903,29
400,40926,22
401,40927,27
402,40932,30
403,40933,29
404,40943,23
405,40937,24
406,40939,27
407,40916,24
408,40761,31
409,40771,26
410,40775,30
411,40783,26
412,40793,25
413,40804,24
414,40805,24
415,40808,27
416,40810,30
417,40813,25
418,40801,29
419,40638,27
420,40631,24
421,40633,34
422,40634,27
423,40642,27
424,40656,22
425,40645,33
426,40649,30
427,40654,32
428,40655,25
429,40643,31
430,40536,34
431,40525,33
432,40527,38
433,40529,39
434,40533,25
435,40535,23
436,40538,35
437,40553,25
438,40542,26
439,40544,30
440,40545,26
441,40549,31
442,40550,37
443,40551,27
444,40541,31
445,40378,21
446,40388,26
447,40390,33
448,40394,36
449,40403,30
450,40405,9
451,40406,30
452,40416,27
453,40417,22
454,40192,30
455,40195,28
456,40197,27
457,40201,29
458,40205,38
459,40196,31
460,40208,34
461,40213,27
462,40215,29
463,40221,37
464,40222,25
465,40206,27
466,40029,25
467,40031,30
468,40035,31
469,40040,32
470,40041,33
471,40042,24
472,40043,34
473,40046,25
474,40049,29
475,40050,35
476,40051,22
477,40053,36
478,40055,30
479,40065,32
480,40067,35
481,40047,27
482,39819,34
483,39825,30
484,39826,27
485,39832,34
486,39836,30
487,39828,31
488,39849,26
489,39843,29
490,39862,36
491,39857,30
492,39853,20
493,39850,27
494,39854,35
495,39603,25
496,39599,26
497,39584,28
498,39583,25
499,39577,26
500,39301,31
501,39302,30
502,39303,27
503,39306,24
504,39314,25
505,39317,20
506,39319,29
507,39321,29
508,39311,25
509,39289,25
510,39287,24
511,39293,27
512,39300,34
513,39298,31
514,39299,18
515,39296,28
516,38959,39
517,38919,33
518,38907,31
519,38912,35
520,38915,27
521,38916,24
522,38918,29
523,38920,29
524,38924,29
525,38925,25
526,38926,22
527,38927,29
528,38928,27
529,38929,27
530,38930,0
531,38935,20
532,38923,33
533,38547,0
534,38539,20
535,38540,18
536,38541,23
537,38542,29
538,38543,28
539,38544,26
540,38551,15
541,38548,25
542,38554,29
543,38555,19
544,38557,25
545,38558,27
546,38560,17
547,38546,27
548,38134,31
549,38132,24
550,38135,31
551,38130,27
552,38128,19
553,38131,29
554,38139,28
555,38141,24
556,38142,25
557,38143,24
558,38145,31
559,38146,28
560,38147,22
561,38140,31
562,38148,27
563,37712,29
564,37714,22
565,37715,23
566,37716,30
567,37717,22
568,37718,25
569,37721,24
570,37722,23
571,37724,34
572,37723,23
573,37726,29
574,37727,35
575,37729,26
576,37730,29
577,37731,33
578,37732,30
579,37733,32
580,37734,31
581,37735,23
582,37725,28
583,37737,28
584,37225,17
585,37224,24
586,37223,23
587,37222,24
588,37218,26
589,37220,20
590,37219,33
591,37227,26
592,37221,30
593,37228,30
594,37237,21
595,37230,30
596,37231,28
597,37232,27
598,37233,31
599,37234,25
600,37235,30
601,37236,25
602,37238,27
603,37239,17
604,37229,25
605,36695,26
606,36697,31
607,36696,24
608,36694,27
609,36698,27
610,36691,18
611,36689,22
612,36688,29
613,36692,27
614,36699,23
615,36702,23
616,36706,28
617,36703,21
618,36705,15
619,36713,22
620,36708,30
621,36709,27
622,36710,33
623,36711,27
624,36712,20
625,36701,33
626,36138,20
627,36137,30
628,36136,31
629,36135,31
630,36130,22
631,36133,25
632,36132,24
633,36131,27
634,36140,25
635,36134,27
636,36143,26
637,36141,23
638,36145,27
639,36163,22
640,36144,26
641,36160,23
642,36159,29
643,36158,31
644,36156,23
645,36157,25
646,36154,24
647,36153,23
648,36152,31
649,36146,28
650,36155,25
651,35528,26
652,35531,30
653,35530,29
654,35532,31
655,35527,24
656,35521,12
657,35525,24
658,35523,25
659,35522,19
660,35534,23
661,35526,20
662,35535,20
663,35524,20
664,35537,33
665,35536,19
666,35549,25
667,35548,27
668,35547,23
669,35546,27
670,35550,32
671,35544,23
672,35545,26
673,35540,27
674,35538,25
675,35543,30
676,35542,21
677,34879,28
678,34867,27
679,34868,29
680,34869,27
681,34872,24
682,34873,25
683,34874,22
684,34875,27
685,34877,25
686,34878,23
687,34880,23
688,34870,30
689,34883,26
690,34882,25
691,34896,23
692,34895,22
693,34894,23
694,34893,26
695,34897,29
696,34889,24
697,34887,24
698,34886,26
699,34884,27
700,34891,20
701,34244,27
702,34245,34
703,34246,27
704,34247,29
705,34248,20
706,34250,29
707,34251,19
708,34252,30
709,34253,26
710,34255,25
711,34257,18
712,34258,31
713,34259,35
714,34260,24
715,34262,19
716,34263,25
717,34264,20
718,34266,24
719,34254,30
720,33545,29
721,33546,29
722,33547,21
723,33555,23
724,33552,30
725,33553,24
726,33548,27
727,33532,10
728,33533,26
729,33540,29
730,33530,27
731,33534,24
732,33531,23
733,33535,23
734,33542,25
735,33537,26
736,33538,22
737,33539,27
738,33541,27
739,33543,22
740,33544,23
741,33536,21
742,32850,25
743,32849,16
744,32848,27
745,32846,33
746,32845,22
747,32842,26
748,32843,23
749,32852,24
750,32841,25
751,32840,26
752,32844,27
753,32853,22
754,32847,25
755,32855,23
756,32856,25
757,32857,23
758,32858,23
759,32866,22
760,32859,31
761,32860,25
762,32861,28
763,32862,27
764,32863,28
765,32864,23
766,32865,29
767,32854,25
768,32109,18
769,32115,27
770,32113,25
771,32087,25
772,32074,21
773,32075,23
774,32076,20
775,32078,28
776,32079,27
777,32080,20
778,32081,24
779,32082,25
780,32083,25
781,32085,26
782,32086,22
783,32088,15
784,32077,25
785,32090,25
786,32102,27
787,32101,23
788,32100,24
789,32103,22
790,32099,19
791,32098,20
792,32089,30
793,32096,18
794,32095,25
795,32094,33
796,32093,27
797,32092,22
798,32091,29
799,32097,25
800,31308,25
801,31313,27
802,31314,31
803,31310,29
804,31318,24
805,31320,19
806,31321,30
807,31322,27
808,31316,20
809,31291,21
810,31290,30
811,31289,25
812,31287,23
813,31286,27
814,31292,29
815,31283,25
816,31282,27
817,31281,20
818,31280,22
819,31285,23
820,31284,26
821,31294,25
822,31295,18
823,31293,16
824,31306,27
825,31305,25
826,31303,20
827,31302,23
828,31304,23
829,31300,32
830,31299,24
831,31298,15
832,31297,23
833,31296,26
834,31301,27
835,30529,29
836,30521,24
837,30524,28
838,30525,32
839,30526,25
840,30530,35
841,30533,27
842,30532,24
843,30534,31
844,30535,23
845,30536,25
846,30537,25
847,30531,21
848,30503,15
849,30504,19
850,30505,23
851,30506,20
852,30509,18
853,30507,29
854,30508,28
855,30510,19
856,30516,27
857,30512,29
858,30520,28
859,30519,20
860,30518,32
861,30511,30
862,30515,20
863,30514,25
864,30513,23
865,30517,17
866,29740,28
867,29733,26
868,29734,20
869,29735,10
870,29736,30
871,29737,20
872,29739,29
873,29741,21
874,29743,22
875,29745,23
876,29747,32
877,29748,16
878,29749,25
879,29750,28
880,29753,31
881,29754,20
882,29742,22
883,29722,18
884,29718,21
885,29719,21
886,29720,29
887,29721,19
888,29723,18
889,29729,18
890,29725,27
891,29726,12
892,29727,25
893,29730,26
894,29731,26
895,29732,22
896,29724,27
897,28949,34
898,28951,28
899,28950,14
900,28954,27
901,28956,24
902,28957,23
903,28952,21
904,28927,26
905,28928,27
906,28929,27
907,28930,24
908,28931,20
909,28932,25
910,28933,16
911,28934,28
912,28935,24
913,28936,20
914,28939,29
915,28938,23
916,28937,23
917,28947,19
918,28946,27
919,28945,30
920,28948,25
921,28943,29
922,28942,27
923,28941,26
924,28940,33
925,28944,27
926,28926,29
927,28925,20
928,28924,27
929,28923,27
930,28137,16
931,28134,20
932,28135,29
933,28136,20
934,28138,28
935,28132,29
936,28142,12
937,28143,19
938,28145,30
939,28146,18
940,28147,19
941,28148,27
942,28139,14
943,28111,27
944,28112,17
945,28114,16
946,28115,23
947,28116,20
948,28117,23
949,28118,16
950,28119,24
951,28120,25
952,28122,26
953,28121,21
954,28129,23
955,28128,15
956,28127,25
957,28130,27
958,28125,25
959,28124,25
960,28123,23
961,28126,24
962,27335,25
963,27331,22
964,27326,17
965,27325,21
966,27324,20
967,27323,29
968,27322,25
969,27321,27
970,27319,16
971,27299,29
972,27300,23
973,27301,7
974,27302,21
975,27303,29
976,27304,30
977,27305,20
978,27306,27
979,27307,20
980,27308,20
981,27320,18
982,27310,16
983,27311,24
984,27312,14
985,27313,15
986,27314,14
987,27315,27
988,27316,20
989,27317,16
990,27318,23
991,27309,15
992,27149,22
993,27160,11
994,26485,18
995,26486,26
996,26487,35
997,26488,31
998,26489,28
999,26491,18
1000,26492,24
1001,26495,12
1002,26496,28
1003,26497,14
1004,26490,16
1005,26500,40
1006,26501,20
1007,26502,27
1008,26503,21
1009,26510,20
1010,26504,29
1011,26506,12
1012,26507,14
1013,26508,18
1014,26509,13
1015,26499,23
1016,26473,17
1017,26475,20
1018,26476,28
1019,26477,25
1020,26478,16
1021,26481,31
1022,26482,25
1023,26483,24
1024,26484,10
1025,26480,28
1026,25716,39
1027,25715,35
1028,25713,35
1029,25712,14
1030,25702,24
1031,25697,14
1032,25698,19
1033,25699,23
1034,25700,17
1035,25701,12
1036,25703,11
1037,25707,17
1038,25705,18
1039,25710,16
1040,25709,12
1041,25704,27
1042,25711,27
1043,25706,22
1044,25708,26
1045,25693,12
1046,25692,27
1047,25695,20
1048,25696,27
1049,25694,27
1050,24946,30
1051,24941,30
1052,24944,35
1053,24930,28
1054,24924,27
1055,24925,15
1056,24926,27
1057,24927,26
1058,24928,16
1059,24929,39
1060,24931,22
1061,24933,37
1062,24934,36
1063,24935,35
1064,24936,20
1065,24937,26
1066,24938,16
1067,24939,14
1068,24940,23
1069,24932,14
1070,24918,20
1071,24920,27
1072,24919,13
1073,24922,17
1074,24923,19
1075,24921,25
1076,24141,29
1077,24140,29
1078,24136,35
1079,24124,21
1080,24118,28
1081,24119,25
1082,24120,18
1083,24121,33
1084,24122,27
1085,24125,14
1086,24117,39
1087,24127,25
1088,24126,27
1089,24134,25
1090,24133,10
1091,24132,15
1092,24123,21
1093,24130,20
1094,24131,23
1095,24128,13
1096,24129,26
1097,23341,31
1098,23336,29
1099,23335,26
1100,23329,14
1101,23328,25
1102,23310,13
1103,23311,29
1104,23312,17
1105,23313,40
1106,23314,29
1107,23315,12
1108,23316,27
1109,23317,28
1110,23309,24
1111,23319,29
1112,23320,21
1113,23321,16
1114,23322,23
1115,23323,21
1116,23324,20
1117,23325,12
1118,23326,35
1119,23318,40
1120,23327,27
1121,22523,20
1122,22522,23
1123,22521,14
1124,22517,26
1125,22519,16
1126,22518,35
1127,22524,11
1128,22516,19
1129,22520,16
1130,22526,22
1131,22530,23
1132,22528,23
1133,22529,37
1134,22531,21
1135,22532,27
1136,22533,31
1137,22534,27
1138,22535,26
1139,22536,38
1140,22538,30
1141,22527,25
1142,22537,35
1143,22511,10
1144,22515,25
1145,22514,31
1146,22512,25
1147,21742,35
1148,21743,27
1149,21735,28
1150,21710,19
1151,21711,29
1152,21712,29
1153,21713,18
1154,21714,29
1155,21715,11
1156,21716,10
1157,21717,28
1158,21718,26
1159,21719,25
1160,21720,22
1161,21721,25
1162,21733,27
1163,21723,28
1164,21724,28
1165,21725,18
1166,21726,25
1167,21727,18
1168,21728,33
1169,21729,24
1170,21730,36
1171,21731,29
1172,21732,33
1173,21722,26
1174,21734,23
1175,20917,23
1176,20916,33
1177,20915,16
1178,20910,29
1179,20913,29
1180,20912,26
1181,20911,36
1182,20914,18
1183,20919,31
1184,20918,10
1185,20921,25
1186,20920,20
1187,20929,20
1188,20928,25
1189,20927,18
1190,20925,28
1191,20924,35
1192,20923,28
1193,20922,33
1194,20926,25
1195,20899,33
1196,20900,30
1197,20901,25
1198,20902,30
1199,20903,12
1200,20904,25
1201,20906,30
1202,20908,23
1203,20909,27
1204,20905,27
1205,20907,23
1206,20110,37
1207,20108,25
1208,20109,33
1209,20111,35
1210,20115,23
1211,20116,21
1212,20119,25
1213,20120,27
1214,20113,23
1215,20088,22
1216,20089,29
1217,20090,23
1218,20091,25
1219,20092,18
1220,20093,28
1221,20094,28
1222,20096,26
1223,20097,18
1224,20095,36
1225,20099,26
1226,20107,29
1227,20098,34
1228,20105,22
1229,20104,36
1230,20106,27
1231,20102,25
1232,20101,17
1233,20100,30
1234,20103,33
1235,19324,35
1236,19323,27
1237,19311,31
1238,19307,18
1239,19308,23
1240,19309,29
1241,19310,27
1242,19312,29
1243,19317,23
1244,19314,25
1245,19315,25
1246,19316,22
1247,19320,28
1248,19318,23
1249,19319,31
1250,19313,31
1251,19296,30
1252,19297,25
1253,19298,32
1254,19299,32
1255,19300,34
1256,19302,25
1257,19303,27
1258,19304,36
1259,19305,16
1260,19306,40
1261,19301,24
1262,18540,30
1263,18534,30
1264,18535,25
1265,18536,31
1266,18537,27
1267,18539,23
1268,18541,20
1269,18548,25
1270,18544,29
1271,18552,31
1272,18551,25
1273,18550,34
1274,18542,29
1275,18553,27
1276,18545,24
1277,18549,16
1278,18525,24
1279,18529,25
1280,18526,34
1281,18531,25
1282,18532,37
1283,18533,27
1284,18530,37
1285,17774,25
1286,17760,30
1287,17752,27
1288,17753,25
1289,17754,23
1290,17755,12
1291,17756,27
1292,17757,22
1293,17758,24
1294,17759,17
1295,17751,14
1296,17761,25
1297,17763,29
1298,17764,30
1299,17765,24
1300,17766,18
1301,17767,25
1302,17768,16
1303,17769,28
1304,17770,24
1305,17771,32
1306,17772,38
1307,17762,25
1308,17003,30
1309,17004,35
1310,17006,30
1311,17008,23
1312,17010,23
1313,17012,29
1314,17013,38
1315,17007,33
1316,16985,27
1317,16986,28
1318,16992,25
1319,16988,27
1320,16989,27
1321,16990,27
1322,16991,16
1323,16993,23
1324,16987,18
1325,16995,28
1326,17002,16
1327,17001,29
1328,17000,24
1329,16994,31
1330,16998,22
1331,16997,26
1332,16996,22
1333,16999,29
1334,16244,26
1335,16236,21
1336,16238,5
1337,16239,25
1338,16240,27
1339,16242,27
1340,16243,40
1341,16245,27
1342,16248,25
1343,16247,26
1344,16249,26
1345,16250,22
1346,16251,19
1347,16252,28
1348,16254,28
1349,16255,29
1350,16246,23
1351,16228,24
1352,16227,20
1353,16229,27
1354,16232,30
1355,16231,30
1356,16234,27
1357,16233,20
1358,16230,29
1359,15483,18
1360,15484,30
1361,15487,23
1362,15488,25
1363,15490,27
1364,15492,31
1365,15489,24
1366,15494,28
1367,15496,23
1368,15498,29
1369,15499,30
1370,15501,27
1371,15502,33
1372,15493,29
1373,15462,27
1374,15471,29
1375,15465,26
1376,15466,35
1377,15467,23
1378,15468,28
1379,15469,28
1380,15472,22
1381,15464,17
1382,15474,27
1383,15481,19
1384,15480,21
1385,15479,24
1386,15473,23
1387,15477,20
1388,15476,29
1389,15475,26
1390,15478,23
1391,14780,35
1392,14777,19
1393,14755,30
1394,14756,27
1395,14757,29
1396,14758,28
1397,14759,25
1398,14760,34
1399,14761,29
1400,14762,23
1401,14763,27
1402,14765,23
1403,14766,25
1404,14767,25
1405,14769,20
1406,14770,34
1407,14771,26
1408,14772,29
1409,14773,23
1410,14774,30
1411,14764,16
1412,14768,33
1413,14749,23
1414,14747,20
1415,14748,18
1416,14750,25
1417,14752,27
1418,14753,16
1419,14754,25
1420,14751,30
1421,14039,25
1422,14040,29
1423,14042,28
1424,14044,30
1425,14043,23
1426,14046,18
1427,14050,25
1428,14053,27
1429,14054,33
1430,14055,30
1431,14045,26
1432,14029,18
1433,14023,29
1434,14025,29
1435,14026,26
1436,14028,26
1437,14030,29
1438,14034,14
1439,14032,38
1440,14033,22
1441,14035,22
1442,14036,24
1443,14037,18
1444,14031,33
1445,13312,22
1446,13313,25
1447,13314,27
1448,13315,26
1449,13316,27
1450,13317,21
1451,13319,29
1452,13318,19
1453,13321,27
1454,13322,27
1455,13324,29
1456,13325,16
1457,13326,30
1458,13327,29
1459,13328,27
1460,13329,24
1461,13320,25
1462,12579,23
1463,12580,29
1464,12581,32
1465,12587,28
1466,12588,25
1467,12589,29
1468,12591,25
1469,12584,19
1470,12569,11
1471,12565,21
1472,12566,21
1473,12567,21
1474,12568,31
1475,12570,27
1476,12573,28
1477,12572,22
1478,12574,23
1479,12576,11
1480,12577,19
1481,12578,27
1482,12571,28
1483,11871,26
1484,11870,26
1485,11869,32
1486,11868,33
1487,11865,31
1488,11866,23
1489,11864,22
1490,11863,21
1491,11872,27
1492,11867,35
1493,11873,29
1494,11885,27
1495,11875,36
1496,11876,26
1497,11877,29
1498,11878,22
1499,11880,30
1500,11881,28
1501,11882,27
1502,11883,19
1503,11884,28
1504,11874,18
1505,11886,29
1506,11168,31
1507,11165,24
1508,11164,29
1509,11169,28
1510,11162,23
1511,11161,28
1512,11163,16
1513,11171,33
1514,11167,27
1515,11173,25
1516,11174,33
1517,11176,23
1518,11185,34
1519,11179,33
1520,11180,29
1521,11182,23
1522,11183,24
1523,11184,31
1524,11172,33
1525,11151,28
1526,11152,25
1527,11155,22
1528,11157,25
1529,11158,19
1530,11160,21
1531,11156,28
1532,10443,25
1533,10437,27
1534,10439,21
1535,10441,32
1536,10442,23
1537,10445,25
1538,10452,24
1539,10447,27
1540,10448,24
1541,10449,25
1542,10450,27
1543,10451,29
1544,10446,28
1545,10429,17
1546,10430,25
1547,10432,25
1548,10431,29
1549,10434,24
1550,10435,19
1551,10436,20
1552,10433,27
1553,9740,25
1554,9742,25
1555,9744,20
1556,9747,23
1557,9750,24
1558,9752,23
1559,9753,27
1560,9754,23
1561,9756,28
1562,9751,26
1563,9758,35
1564,9759,17
1565,9760,25
1566,9761,24
1567,9762,15
1568,9763,23
1569,9764,28
1570,9765,31
1571,9766,19
1572,9757,25
1573,9734,24
1574,9738,28
1575,9739,22
1576,9737,25
1577,9042,25
1578,9033,25
1579,9034,26
1580,9035,28
1581,9038,33
1582,9039,23
1583,9041,18
1584,9043,23
1585,9058,27
1586,9046,24
1587,9047,23
1588,9048,26
1589,9052,27
1590,9053,28
1591,9054,23
1592,9057,34
1593,9044,28
1594,9022,25
1595,9023,28
1596,9024,27
1597,9026,17
1598,9021,27
1599,9028,27
1600,9029,16
1601,9031,20
1602,9032,20
1603,9027,25
1604,8291,22
1605,8288,35
1606,8271,21
1607,8270,17
1608,8269,25
1609,8268,22
1610,8267,23
1611,8263,31
1612,8265,24
1613,8264,27
1614,8262,27
1615,8261,25
1616,8272,27
1617,8266,31
1618,8273,23
1619,8275,29
1620,8285,25
1621,8276,26
1622,8277,28
1623,8278,14
1624,8279,20
1625,8280,34
1626,8281,29
1627,8282,27
1628,8283,25
1629,8284,23
1630,8287,25
1631,8286,19
1632,8274,24
1633,7580,20
1634,7582,28
1635,7589,29
1636,7592,25
1637,7591,22
1638,7563,21
1639,7562,23
1640,7561,25
1641,7560,23
1642,7564,26
1643,7557,33
1644,7556,21
1645,7554,31
1646,7553,27
1647,7559,27
1648,7565,26
1649,7572,33
1650,7567,23
1651,7578,20
1652,7577,18
1653,7576,31
1654,7575,23
1655,7574,18
1656,7566,19
1657,7571,25
1658,7570,22
1659,7569,35
1660,7568,25
1661,7573,27
1662,6861,25
1663,6860,25
1664,6859,31
1665,6858,30
1666,6857,26
1667,6856,23
1668,6854,23
1669,6853,20
1670,6852,23
1671,6851,27
1672,6862,26
1673,6849,14
1674,6855,20
1675,6850,27
1676,6867,38
1677,6868,13
1678,6881,18
1679,6880,27
1680,6864,18
1681,6878,29
1682,6877,28
1683,6876,24
1684,6879,23
1685,6874,23
1686,6873,25
1687,6872,22
1688,6871,22
1689,6870,23
1690,6869,25
1691,6875,23
1692,6171,34
1693,6170,28
1694,6150,24
1695,6151,27
1696,6155,12
1697,6152,15
1698,6153,36
1699,6154,26
1700,6156,27
1701,6163,23
1702,6158,30
1703,6165,24
1704,6164,30
1705,6162,24
1706,6157,27
1707,6160,20
1708,6159,20
1709,6161,30
1710,6149,19
1711,6148,23
1712,6147,23
1713,6146,13
1714,6145,18
1715,6144,16
1716,6143,19
1717,6142,16
1718,6141,23
1719,5490,21
1720,5496,20
1721,5465,33
1722,5466,20
1723,5467,23
1724,5468,24
1725,5469,25
1726,5470,10
1727,5471,26
1728,5472,29
1729,5473,21
1730,5474,23
1731,5475,23
1732,5479,33
1733,5477,25
1734,5489,25
1735,5488,25
1736,5476,27
1737,5486,25
1738,5485,16
1739,5487,21
1740,5483,22
1741,5481,25
1742,5480,18
1743,5478,25
1744,5484,18
1745,4774,25
1746,4765,26
1747,4768,24
1748,4769,25
1749,4770,34
1750,4772,24
1751,4773,25
1752,4777,28
1753,4766,23
1754,4779,25
1755,4780,28
1756,4781,25
1757,4783,20
1758,4784,23
1759,4785,19
1760,4778,29
1761,4786,32
1762,4787,29
1763,4750,23
1764,4751,26
1765,4752,23
1766,4753,18
1767,4754,32
1768,4755,22
1769,4763,18
1770,4758,20
1771,4759,24
1772,4760,30
1773,4761,29
1774,4762,27
1775,4764,30
1776,4757,21
1777,4061,26
1778,4062,29
1779,4063,22
1780,4066,29
1781,4064,18
1782,4069,27
1783,4070,30
1784,4073,25
1785,4075,25
1786,4067,26
1787,4041,25
1788,4042,20
1789,4043,28
1790,4044,33
1791,4045,26
1792,4046,18
1793,4047,22
1794,4048,23
1795,4049,27
1796,4052,25
1797,4051,27
1798,4050,19
1799,4059,27
1800,4058,19
1801,4057,35
1802,4060,22
1803,4055,38
1804,4054,19
1805,4053,22
1806,4056,27
1807,3359,29
1808,3358,29
1809,3357,23
1810,3356,21
1811,3355,22
1812,3353,23
1813,3352,12
1814,3351,30
1815,3349,23
1816,3348,23
1817,3360,27
1818,3354,25
1819,3350,18
1820,3361,23
1821,3364,27
1822,3363,18
1823,3377,18
1824,3375,18
1825,3374,35
1826,3373,23
1827,3372,19
1828,3378,28
1829,3370,28
1830,3369,25
1831,3368,14
1832,3366,19
1833,3365,18
1834,3371,30
1835,2630,25
1836,2629,20
1837,2628,33
1838,2626,18
1839,2623,26
1840,2624,23
1841,2622,23
1842,2621,23
1843,2631,23
1844,2625,27
1845,2632,31
1846,2633,26
1847,2634,28
1848,2635,33
1849,2636,26
1850,2638,32
1851,2639,18
1852,2640,22
1853,2641,20
1854,2642,25
1855,2643,29
1856,2644,29
1857,2645,27
1858,1935,35
1859,1936,38
1860,1904,23
1861,1905,27
1862,1906,18
1863,1907,32
1864,1909,30
1865,1910,27
1866,1911,28
1867,1912,27
1868,1913,25
1869,1914,18
1870,1915,19
1871,1908,26
1872,1917,31
1873,1916,19
1874,1927,25
1875,1926,33
1876,1925,17
1877,1924,27
1878,1928,38
1879,1922,25
1880,1923,19
1881,1919,27
1882,1918,23
1883,1921,25
1884,1920,30
1885,1903,20
1886,1220,25
1887,1210,30
1888,1211,23
1889,1213,29
1890,1214,22
1891,1215,15
1892,1217,27
1893,1218,14
1894,1219,27
1895,1221,28
1896,1212,24
1897,1223,29
1898,1224,20
1899,1225,30
1900,1226,23
1901,1227,30
1902,1228,18
1903,1229,14
1904,1230,31
1905,1231,26
1906,1232,23
1907,1233,27
1908,1222,23
1909,526,23
1910,527,18
1911,528,24
1912,531,23
1913,533,29
1914,536,35
1915,540,23
1916,530,31
1917,510,19
1918,501,24
1919,502,25
1920,503,23
1921,504,16
1922,505,30
1923,507,21
1924,508,16
1925,509,16
1926,512,19
1927,522,19
1928,514,27
1929,515,24
1930,516,21
1931,517,22
1932,518,27
1933,519,16
1934,520,28
1935,521,21
1936,523,15
1937,513,23
1938,500,22
